"_id","timestamp","device_id","cid","lac","psc","signal_strength","bit_error_rate"
1,1587648784475,"a748ee1a-1d0b-4ae9-9074-279a2b6ba524",6050307,44798,0,99,2147483647
2,1587648785282,"a748ee1a-1d0b-4ae9-9074-279a2b6ba524",6050307,44798,0,99,2147483647
3,1587648791198,"a748ee1a-1d0b-4ae9-9074-279a2b6ba524",6050307,44798,0,99,2147483647
4,1587648791292,"a748ee1a-1d0b-4ae9-9074-279a2b6ba524",6050307,44798,0,99,2147483647
5,1587648791345,"a748ee1a-1d0b-4ae9-9074-279a2b6ba524",6050307,44798,0,99,2147483647
6,1587648835116,"a748ee1a-1d0b-4ae9-9074-279a2b6ba524",6050307,44798,0,99,2147483647
7,1587648953177,"a748ee1a-1d0b-4ae9-9074-279a2b6ba524",6050307,44798,0,99,2147483647
8,1587648970634,"a748ee1a-1d0b-4ae9-9074-279a2b6ba524",6050307,44798,0,99,2147483647
9,1587650596871,"a748ee1a-1d0b-4ae9-9074-279a2b6ba524",6050307,44798,0,99,2147483647
10,1587652376140,"a748ee1a-1d0b-4ae9-9074-279a2b6ba524",6050307,44798,0,99,2147483647
11,1587654195829,"a748ee1a-1d0b-4ae9-9074-279a2b6ba524",6050307,44798,0,99,2147483647
12,1587655997595,"a748ee1a-1d0b-4ae9-9074-279a2b6ba524",6050307,44798,0,99,2147483647
13,1587657807858,"a748ee1a-1d0b-4ae9-9074-279a2b6ba524",6050307,44798,0,99,2147483647
14,1587659609935,"a748ee1a-1d0b-4ae9-9074-279a2b6ba524",6050307,44798,0,99,2147483647
15,1587661407923,"a748ee1a-1d0b-4ae9-9074-279a2b6ba524",6050307,44798,0,99,2147483647
16,1587663181461,"a748ee1a-1d0b-4ae9-9074-279a2b6ba524",6050307,44798,0,99,2147483647
17,1587664995909,"a748ee1a-1d0b-4ae9-9074-279a2b6ba524",6050307,44798,0,99,2147483647
18,1587666796751,"a748ee1a-1d0b-4ae9-9074-279a2b6ba524",6050307,44798,0,99,2147483647
19,1587668595870,"a748ee1a-1d0b-4ae9-9074-279a2b6ba524",6050307,44798,0,99,2147483647
20,1587670367843,"a748ee1a-1d0b-4ae9-9074-279a2b6ba524",6050307,44798,0,99,2147483647
21,1587672470658,"a748ee1a-1d0b-4ae9-9074-279a2b6ba524",6050307,44798,0,99,2147483647
22,1587674325302,"a748ee1a-1d0b-4ae9-9074-279a2b6ba524",6050307,44798,0,99,2147483647
23,1587676105646,"a748ee1a-1d0b-4ae9-9074-279a2b6ba524",6050307,44798,0,99,2147483647
24,1587677878068,"a748ee1a-1d0b-4ae9-9074-279a2b6ba524",6050307,44798,0,99,2147483647
25,1587679721275,"a748ee1a-1d0b-4ae9-9074-279a2b6ba524",6050307,44798,0,99,2147483647
26,1587681524100,"a748ee1a-1d0b-4ae9-9074-279a2b6ba524",6050307,44798,0,99,2147483647
27,1587683321308,"a748ee1a-1d0b-4ae9-9074-279a2b6ba524",6050307,44798,0,99,2147483647
28,1587685124214,"a748ee1a-1d0b-4ae9-9074-279a2b6ba524",6050307,44798,0,99,2147483647
29,1587686921137,"a748ee1a-1d0b-4ae9-9074-279a2b6ba524",6050307,44798,0,99,2147483647
30,1587688906781,"a748ee1a-1d0b-4ae9-9074-279a2b6ba524",6050307,44798,0,99,2147483647
31,1587690738213,"a748ee1a-1d0b-4ae9-9074-279a2b6ba524",6050307,44798,0,99,2147483647
32,1587692520815,"a748ee1a-1d0b-4ae9-9074-279a2b6ba524",6050307,44798,0,99,2147483647
33,1587694320911,"a748ee1a-1d0b-4ae9-9074-279a2b6ba524",6050307,44798,0,99,2147483647
34,1587696122317,"a748ee1a-1d0b-4ae9-9074-279a2b6ba524",6050307,44798,0,99,2147483647
35,1587697921101,"a748ee1a-1d0b-4ae9-9074-279a2b6ba524",6050307,44798,0,99,2147483647
36,1587699728368,"a748ee1a-1d0b-4ae9-9074-279a2b6ba524",6050307,44798,0,99,2147483647
37,1587700642107,"a748ee1a-1d0b-4ae9-9074-279a2b6ba524",9167373,44798,0,99,2147483647
38,1587701166915,"a748ee1a-1d0b-4ae9-9074-279a2b6ba524",6050307,44798,0,99,2147483647
39,1587701530302,"a748ee1a-1d0b-4ae9-9074-279a2b6ba524",6050307,44798,0,99,2147483647
40,1587703326131,"a748ee1a-1d0b-4ae9-9074-279a2b6ba524",6050307,44798,0,99,2147483647
41,1587703656652,"a748ee1a-1d0b-4ae9-9074-279a2b6ba524",6050327,44798,0,99,2147483647
42,1587703657953,"a748ee1a-1d0b-4ae9-9074-279a2b6ba524",6050307,44798,0,99,2147483647
43,1587703669714,"a748ee1a-1d0b-4ae9-9074-279a2b6ba524",6050327,44798,0,99,2147483647
44,1587703670849,"a748ee1a-1d0b-4ae9-9074-279a2b6ba524",6050307,44798,0,99,2147483647
45,1587705119932,"a748ee1a-1d0b-4ae9-9074-279a2b6ba524",6050307,44798,0,99,2147483647
46,1587706928919,"a748ee1a-1d0b-4ae9-9074-279a2b6ba524",6050307,44798,0,99,2147483647
47,1587708751069,"a748ee1a-1d0b-4ae9-9074-279a2b6ba524",6050307,44798,0,99,2147483647
48,1587710552180,"a748ee1a-1d0b-4ae9-9074-279a2b6ba524",6050307,44798,0,99,2147483647
49,1587712353191,"a748ee1a-1d0b-4ae9-9074-279a2b6ba524",6050307,44798,0,99,2147483647
50,1587714126996,"a748ee1a-1d0b-4ae9-9074-279a2b6ba524",6050307,44798,0,99,2147483647
51,1587715928697,"a748ee1a-1d0b-4ae9-9074-279a2b6ba524",6050307,44798,0,99,2147483647
52,1587717733607,"a748ee1a-1d0b-4ae9-9074-279a2b6ba524",6050307,44798,0,99,2147483647
53,1587719558513,"a748ee1a-1d0b-4ae9-9074-279a2b6ba524",6050307,44798,0,99,2147483647
54,1587721360124,"a748ee1a-1d0b-4ae9-9074-279a2b6ba524",6050307,44798,0,99,2147483647
55,1587723155450,"a748ee1a-1d0b-4ae9-9074-279a2b6ba524",6050307,44798,0,99,2147483647
56,1587724932934,"a748ee1a-1d0b-4ae9-9074-279a2b6ba524",6050307,44798,0,99,2147483647
57,1587726763298,"a748ee1a-1d0b-4ae9-9074-279a2b6ba524",6050307,44798,0,99,2147483647
58,1587728538447,"a748ee1a-1d0b-4ae9-9074-279a2b6ba524",6050307,44798,0,99,2147483647
59,1587730321231,"a748ee1a-1d0b-4ae9-9074-279a2b6ba524",6050307,44798,0,99,2147483647
60,1587732153160,"a748ee1a-1d0b-4ae9-9074-279a2b6ba524",6050307,44798,0,99,2147483647
61,1587733981840,"a748ee1a-1d0b-4ae9-9074-279a2b6ba524",6050307,44798,0,99,2147483647
62,1587738248576,"a748ee1a-1d0b-4ae9-9074-279a2b6ba524",6050307,44798,0,99,2147483647
63,1587740107245,"a748ee1a-1d0b-4ae9-9074-279a2b6ba524",6050307,44798,0,99,2147483647
64,1587741914031,"a748ee1a-1d0b-4ae9-9074-279a2b6ba524",6050307,44798,0,99,2147483647
65,1587743764884,"a748ee1a-1d0b-4ae9-9074-279a2b6ba524",6050307,44798,0,99,2147483647
66,1587745584087,"a748ee1a-1d0b-4ae9-9074-279a2b6ba524",6050307,44798,0,99,2147483647
67,1587747361905,"a748ee1a-1d0b-4ae9-9074-279a2b6ba524",6050307,44798,0,99,2147483647
68,1587749166869,"a748ee1a-1d0b-4ae9-9074-279a2b6ba524",6050307,44798,0,99,2147483647
69,1587750978983,"a748ee1a-1d0b-4ae9-9074-279a2b6ba524",6050307,44798,0,99,2147483647
70,1587752780847,"a748ee1a-1d0b-4ae9-9074-279a2b6ba524",6050307,44798,0,99,2147483647
71,1587754561137,"a748ee1a-1d0b-4ae9-9074-279a2b6ba524",6050307,44798,0,99,2147483647
72,1587756386667,"a748ee1a-1d0b-4ae9-9074-279a2b6ba524",6050307,44798,0,99,2147483647
73,1587758174661,"a748ee1a-1d0b-4ae9-9074-279a2b6ba524",6050307,44798,0,99,2147483647
74,1587760003657,"a748ee1a-1d0b-4ae9-9074-279a2b6ba524",6050307,44798,0,99,2147483647
75,1587760768856,"a748ee1a-1d0b-4ae9-9074-279a2b6ba524",9167373,44798,0,99,2147483647
76,1587761781212,"a748ee1a-1d0b-4ae9-9074-279a2b6ba524",9167373,44798,0,99,2147483647
77,1587762897243,"a748ee1a-1d0b-4ae9-9074-279a2b6ba524",-1,44798,0,99,2147483647
78,1587762897475,"a748ee1a-1d0b-4ae9-9074-279a2b6ba524",9167373,44798,0,99,2147483647
79,1587763561021,"a748ee1a-1d0b-4ae9-9074-279a2b6ba524",9167373,44798,0,99,2147483647
80,1587765361075,"a748ee1a-1d0b-4ae9-9074-279a2b6ba524",9167373,44798,0,99,2147483647
81,1587767160944,"a748ee1a-1d0b-4ae9-9074-279a2b6ba524",9167373,44798,0,99,2147483647
82,1587768982982,"a748ee1a-1d0b-4ae9-9074-279a2b6ba524",9167373,44798,0,99,2147483647
83,1587770809811,"a748ee1a-1d0b-4ae9-9074-279a2b6ba524",9167373,44798,0,99,2147483647
84,1587772666245,"a748ee1a-1d0b-4ae9-9074-279a2b6ba524",9167373,44798,0,99,2147483647
85,1587774490038,"a748ee1a-1d0b-4ae9-9074-279a2b6ba524",9167373,44798,0,99,2147483647
86,1587775846237,"a748ee1a-1d0b-4ae9-9074-279a2b6ba524",6050307,44798,0,99,2147483647
87,1587776282270,"a748ee1a-1d0b-4ae9-9074-279a2b6ba524",6050307,44798,0,99,2147483647
88,1587778053843,"a748ee1a-1d0b-4ae9-9074-279a2b6ba524",6050307,44798,0,99,2147483647
89,1587779893874,"a748ee1a-1d0b-4ae9-9074-279a2b6ba524",6050307,44798,0,99,2147483647
90,1587781673851,"a748ee1a-1d0b-4ae9-9074-279a2b6ba524",6050307,44798,0,99,2147483647
91,1587783506348,"a748ee1a-1d0b-4ae9-9074-279a2b6ba524",6050307,44798,0,99,2147483647
92,1587785293779,"a748ee1a-1d0b-4ae9-9074-279a2b6ba524",6050307,44798,0,99,2147483647
93,1587787100072,"a748ee1a-1d0b-4ae9-9074-279a2b6ba524",6050307,44798,0,99,2147483647
94,1587791332034,"a748ee1a-1d0b-4ae9-9074-279a2b6ba524",6050307,44798,0,99,2147483647
95,1587793106904,"a748ee1a-1d0b-4ae9-9074-279a2b6ba524",6050307,44798,0,99,2147483647
96,1587794908758,"a748ee1a-1d0b-4ae9-9074-279a2b6ba524",6050307,44798,0,99,2147483647
97,1587797693406,"a748ee1a-1d0b-4ae9-9074-279a2b6ba524",6050307,44798,0,99,2147483647
98,1587799501339,"a748ee1a-1d0b-4ae9-9074-279a2b6ba524",6050307,44798,0,99,2147483647
99,1587799936249,"a748ee1a-1d0b-4ae9-9074-279a2b6ba524",-1,44798,0,99,2147483647
100,1587799936377,"a748ee1a-1d0b-4ae9-9074-279a2b6ba524",6050306,44798,0,99,2147483647
101,1587799937076,"a748ee1a-1d0b-4ae9-9074-279a2b6ba524",6050307,44798,0,99,2147483647
102,1587828237395,"a748ee1a-1d0b-4ae9-9074-279a2b6ba524",6050307,44798,0,99,2147483647
103,1587828244998,"a748ee1a-1d0b-4ae9-9074-279a2b6ba524",9167373,44798,0,99,2147483647
104,1587828651988,"a748ee1a-1d0b-4ae9-9074-279a2b6ba524",6050307,44798,0,99,2147483647
105,1587828670910,"a748ee1a-1d0b-4ae9-9074-279a2b6ba524",6050307,44798,0,99,2147483647
106,1587829914159,"a748ee1a-1d0b-4ae9-9074-279a2b6ba524",9167373,44798,0,99,2147483647
107,1587830041535,"a748ee1a-1d0b-4ae9-9074-279a2b6ba524",9167373,44798,0,99,2147483647
108,1587831289072,"a748ee1a-1d0b-4ae9-9074-279a2b6ba524",6050307,44798,0,99,2147483647
109,1587831845199,"a748ee1a-1d0b-4ae9-9074-279a2b6ba524",6050307,44798,0,99,2147483647
110,1587833638931,"a748ee1a-1d0b-4ae9-9074-279a2b6ba524",6050307,44798,0,99,2147483647
111,1587835448970,"a748ee1a-1d0b-4ae9-9074-279a2b6ba524",6050307,44798,0,99,2147483647
112,1587837261996,"a748ee1a-1d0b-4ae9-9074-279a2b6ba524",6050307,44798,0,99,2147483647
113,1587837771293,"a748ee1a-1d0b-4ae9-9074-279a2b6ba524",9167373,44798,0,99,2147483647
114,1587837771543,"a748ee1a-1d0b-4ae9-9074-279a2b6ba524",9167373,44798,0,99,2147483647
115,1587839175858,"a748ee1a-1d0b-4ae9-9074-279a2b6ba524",9167373,44798,0,99,2147483647
116,1587840984867,"a748ee1a-1d0b-4ae9-9074-279a2b6ba524",9167373,44798,0,99,2147483647
117,1587842876177,"a748ee1a-1d0b-4ae9-9074-279a2b6ba524",9167373,44798,0,99,2147483647
118,1587843225679,"a748ee1a-1d0b-4ae9-9074-279a2b6ba524",6050307,44798,0,99,2147483647
119,1587843772299,"a748ee1a-1d0b-4ae9-9074-279a2b6ba524",6076417,44797,0,99,2147483647
120,1587843773770,"a748ee1a-1d0b-4ae9-9074-279a2b6ba524",6050326,44798,0,99,2147483647
121,1587843774588,"a748ee1a-1d0b-4ae9-9074-279a2b6ba524",6070787,44797,0,99,2147483647
122,1587843783108,"a748ee1a-1d0b-4ae9-9074-279a2b6ba524",6051329,44798,0,99,2147483647
123,1587843786416,"a748ee1a-1d0b-4ae9-9074-279a2b6ba524",6070787,44797,0,99,2147483647
124,1587844697980,"a748ee1a-1d0b-4ae9-9074-279a2b6ba524",6070787,44797,0,99,2147483647
125,1587844982428,"a748ee1a-1d0b-4ae9-9074-279a2b6ba524",27229965,44797,0,99,2147483647
126,1587844988148,"a748ee1a-1d0b-4ae9-9074-279a2b6ba524",9000707,44797,0,99,2147483647
127,1587845040627,"a748ee1a-1d0b-4ae9-9074-279a2b6ba524",27229955,44797,0,99,2147483647
128,1587846082426,"a748ee1a-1d0b-4ae9-9074-279a2b6ba524",9167373,44797,0,99,2147483647
129,1587846192179,"a748ee1a-1d0b-4ae9-9074-279a2b6ba524",9167373,44798,0,99,2147483647
130,1587846468011,"a748ee1a-1d0b-4ae9-9074-279a2b6ba524",9167373,44798,0,99,2147483647
131,1587848306893,"a748ee1a-1d0b-4ae9-9074-279a2b6ba524",9167373,44798,0,99,2147483647
132,1587850160204,"a748ee1a-1d0b-4ae9-9074-279a2b6ba524",9167373,44798,0,99,2147483647
133,1587851953274,"a748ee1a-1d0b-4ae9-9074-279a2b6ba524",9167373,44798,0,99,2147483647
134,1587852189157,"a748ee1a-1d0b-4ae9-9074-279a2b6ba524",6050307,44798,0,99,2147483647
135,1587852837307,"a748ee1a-1d0b-4ae9-9074-279a2b6ba524",9167373,44798,0,99,2147483647
136,1587853722889,"a748ee1a-1d0b-4ae9-9074-279a2b6ba524",9167373,44798,0,99,2147483647
137,1587855568954,"a748ee1a-1d0b-4ae9-9074-279a2b6ba524",9167373,44798,0,99,2147483647
138,1587855917419,"a748ee1a-1d0b-4ae9-9074-279a2b6ba524",9167373,44798,0,99,2147483647
139,1587857449005,"a748ee1a-1d0b-4ae9-9074-279a2b6ba524",9167373,44798,0,99,2147483647
140,1587859249081,"a748ee1a-1d0b-4ae9-9074-279a2b6ba524",9167373,44798,0,99,2147483647
141,1587861054989,"a748ee1a-1d0b-4ae9-9074-279a2b6ba524",9167373,44798,0,99,2147483647
142,1587863025759,"a748ee1a-1d0b-4ae9-9074-279a2b6ba524",9167373,44798,0,99,2147483647
143,1587867686422,"a748ee1a-1d0b-4ae9-9074-279a2b6ba524",9167373,44798,0,99,2147483647
144,1587867692470,"a748ee1a-1d0b-4ae9-9074-279a2b6ba524",6050327,44798,0,99,2147483647
145,1587867694684,"a748ee1a-1d0b-4ae9-9074-279a2b6ba524",6050307,44798,0,99,2147483647
146,1587869463199,"a748ee1a-1d0b-4ae9-9074-279a2b6ba524",6050307,44798,0,99,2147483647
147,1587871277468,"a748ee1a-1d0b-4ae9-9074-279a2b6ba524",6050307,44798,0,99,2147483647
148,1587873146872,"a748ee1a-1d0b-4ae9-9074-279a2b6ba524",6050307,44798,0,99,2147483647
149,1587874944999,"a748ee1a-1d0b-4ae9-9074-279a2b6ba524",6050307,44798,0,99,2147483647
150,1587876849448,"a748ee1a-1d0b-4ae9-9074-279a2b6ba524",6050307,44798,0,99,2147483647
151,1587878651368,"a748ee1a-1d0b-4ae9-9074-279a2b6ba524",6050307,44798,0,99,2147483647
152,1587880445330,"a748ee1a-1d0b-4ae9-9074-279a2b6ba524",6050307,44798,0,99,2147483647
153,1587882248468,"a748ee1a-1d0b-4ae9-9074-279a2b6ba524",6050307,44798,0,99,2147483647
154,1587883910947,"a748ee1a-1d0b-4ae9-9074-279a2b6ba524",9167373,44798,0,99,2147483647
155,1587884048540,"a748ee1a-1d0b-4ae9-9074-279a2b6ba524",9167373,44798,0,99,2147483647
156,1587885850499,"a748ee1a-1d0b-4ae9-9074-279a2b6ba524",9167373,44798,0,99,2147483647
157,1587887645350,"a748ee1a-1d0b-4ae9-9074-279a2b6ba524",9167373,44798,0,99,2147483647
158,1587889448936,"a748ee1a-1d0b-4ae9-9074-279a2b6ba524",9167373,44798,0,99,2147483647
159,1587891245305,"a748ee1a-1d0b-4ae9-9074-279a2b6ba524",9167373,44798,0,99,2147483647
160,1587893048363,"a748ee1a-1d0b-4ae9-9074-279a2b6ba524",9167373,44798,0,99,2147483647
161,1587894845459,"a748ee1a-1d0b-4ae9-9074-279a2b6ba524",9167373,44798,0,99,2147483647
162,1587896682164,"a748ee1a-1d0b-4ae9-9074-279a2b6ba524",9167373,44798,0,99,2147483647
163,1587898601245,"a748ee1a-1d0b-4ae9-9074-279a2b6ba524",9167373,44798,0,99,2147483647
164,1587900403178,"a748ee1a-1d0b-4ae9-9074-279a2b6ba524",9167373,44798,0,99,2147483647
165,1587902201414,"a748ee1a-1d0b-4ae9-9074-279a2b6ba524",9167373,44798,0,99,2147483647
166,1587903976810,"a748ee1a-1d0b-4ae9-9074-279a2b6ba524",9167373,44798,0,99,2147483647
167,1587905801265,"a748ee1a-1d0b-4ae9-9074-279a2b6ba524",9167373,44798,0,99,2147483647
168,1587907603209,"a748ee1a-1d0b-4ae9-9074-279a2b6ba524",9167373,44798,0,99,2147483647
169,1587909421025,"a748ee1a-1d0b-4ae9-9074-279a2b6ba524",9167373,44798,0,99,2147483647
170,1587911254285,"a748ee1a-1d0b-4ae9-9074-279a2b6ba524",9167373,44798,0,99,2147483647
171,1587912512732,"a748ee1a-1d0b-4ae9-9074-279a2b6ba524",6050307,44798,0,99,2147483647
172,1587913082090,"a748ee1a-1d0b-4ae9-9074-279a2b6ba524",6050307,44798,0,99,2147483647
173,1587913141402,"a748ee1a-1d0b-4ae9-9074-279a2b6ba524",256905042,50693,0,99,2147483647
174,1587913905947,"a748ee1a-1d0b-4ae9-9074-279a2b6ba524",6050307,50693,0,99,2147483647
175,1587915002271,"a748ee1a-1d0b-4ae9-9074-279a2b6ba524",6050307,50693,0,99,2147483647
176,1587916572065,"a748ee1a-1d0b-4ae9-9074-279a2b6ba524",9167373,44798,0,99,2147483647
177,1587916808599,"a748ee1a-1d0b-4ae9-9074-279a2b6ba524",9167373,44798,0,99,2147483647
178,1587918616983,"a748ee1a-1d0b-4ae9-9074-279a2b6ba524",9167373,44798,0,99,2147483647
179,1587920401245,"a748ee1a-1d0b-4ae9-9074-279a2b6ba524",9167373,44798,0,99,2147483647
180,1587922215963,"a748ee1a-1d0b-4ae9-9074-279a2b6ba524",9167373,44798,0,99,2147483647
181,1587924023870,"a748ee1a-1d0b-4ae9-9074-279a2b6ba524",9167373,44798,0,99,2147483647
182,1587925861128,"a748ee1a-1d0b-4ae9-9074-279a2b6ba524",9167373,44798,0,99,2147483647
183,1587927661234,"a748ee1a-1d0b-4ae9-9074-279a2b6ba524",9167373,44798,0,99,2147483647
184,1587929496425,"a748ee1a-1d0b-4ae9-9074-279a2b6ba524",9167373,44798,0,99,2147483647
185,1587931343694,"a748ee1a-1d0b-4ae9-9074-279a2b6ba524",9167373,44798,0,99,2147483647
186,1587933140015,"a748ee1a-1d0b-4ae9-9074-279a2b6ba524",9167373,44798,0,99,2147483647
187,1587934923740,"a748ee1a-1d0b-4ae9-9074-279a2b6ba524",9167373,44798,0,99,2147483647
188,1587936732040,"a748ee1a-1d0b-4ae9-9074-279a2b6ba524",9167373,44798,0,99,2147483647
189,1587938619466,"a748ee1a-1d0b-4ae9-9074-279a2b6ba524",9167373,44798,0,99,2147483647
190,1587939728807,"a748ee1a-1d0b-4ae9-9074-279a2b6ba524",6050307,44798,0,99,2147483647
191,1587940415955,"a748ee1a-1d0b-4ae9-9074-279a2b6ba524",6050307,44798,0,99,2147483647
192,1587942275570,"a748ee1a-1d0b-4ae9-9074-279a2b6ba524",6050307,44798,0,99,2147483647
193,1587944609500,"a748ee1a-1d0b-4ae9-9074-279a2b6ba524",6050307,44798,0,99,2147483647
194,1587946440881,"a748ee1a-1d0b-4ae9-9074-279a2b6ba524",6050307,44798,0,99,2147483647
195,1587948088973,"a748ee1a-1d0b-4ae9-9074-279a2b6ba524",-1,44798,0,99,2147483647
196,1587948089405,"a748ee1a-1d0b-4ae9-9074-279a2b6ba524",6050307,44798,0,99,2147483647
197,1587948253250,"a748ee1a-1d0b-4ae9-9074-279a2b6ba524",6050307,44798,0,99,2147483647
198,1587951846325,"a748ee1a-1d0b-4ae9-9074-279a2b6ba524",6050307,44798,0,99,2147483647
199,1587956792252,"a748ee1a-1d0b-4ae9-9074-279a2b6ba524",6050307,44798,0,99,2147483647
200,1587956796282,"a748ee1a-1d0b-4ae9-9074-279a2b6ba524",6050306,44798,0,99,2147483647
201,1587957501745,"a748ee1a-1d0b-4ae9-9074-279a2b6ba524",6050307,44798,0,99,2147483647
202,1587958565252,"a748ee1a-1d0b-4ae9-9074-279a2b6ba524",6050307,44798,0,99,2147483647
203,1587960388380,"a748ee1a-1d0b-4ae9-9074-279a2b6ba524",6050307,44798,0,99,2147483647
204,1587962193103,"a748ee1a-1d0b-4ae9-9074-279a2b6ba524",6050307,44798,0,99,2147483647
205,1587963988418,"a748ee1a-1d0b-4ae9-9074-279a2b6ba524",6050307,44798,0,99,2147483647
206,1587965799679,"a748ee1a-1d0b-4ae9-9074-279a2b6ba524",6050307,44798,0,99,2147483647
207,1587967588100,"a748ee1a-1d0b-4ae9-9074-279a2b6ba524",6050307,44798,0,99,2147483647
208,1587969397807,"a748ee1a-1d0b-4ae9-9074-279a2b6ba524",6050307,44798,0,99,2147483647
209,1587971226335,"a748ee1a-1d0b-4ae9-9074-279a2b6ba524",6050307,44798,0,99,2147483647
210,1587973040028,"a748ee1a-1d0b-4ae9-9074-279a2b6ba524",6050307,44798,0,99,2147483647
211,1587974842337,"a748ee1a-1d0b-4ae9-9074-279a2b6ba524",6050307,44798,0,99,2147483647
212,1587976656866,"a748ee1a-1d0b-4ae9-9074-279a2b6ba524",6050307,44798,0,99,2147483647
213,1587978459244,"a748ee1a-1d0b-4ae9-9074-279a2b6ba524",6050307,44798,0,99,2147483647
214,1587980262810,"a748ee1a-1d0b-4ae9-9074-279a2b6ba524",6050307,44798,0,99,2147483647
215,1587982064949,"a748ee1a-1d0b-4ae9-9074-279a2b6ba524",6050307,44798,0,99,2147483647
216,1587983845739,"a748ee1a-1d0b-4ae9-9074-279a2b6ba524",6050307,44798,0,99,2147483647
217,1587985625007,"a748ee1a-1d0b-4ae9-9074-279a2b6ba524",6050307,44798,0,99,2147483647
218,1587987447892,"a748ee1a-1d0b-4ae9-9074-279a2b6ba524",6050307,44798,0,99,2147483647
219,1587989220928,"a748ee1a-1d0b-4ae9-9074-279a2b6ba524",6050307,44798,0,99,2147483647
220,1587991021277,"a748ee1a-1d0b-4ae9-9074-279a2b6ba524",6050307,44798,0,99,2147483647
221,1587992829968,"a748ee1a-1d0b-4ae9-9074-279a2b6ba524",6050307,44798,0,99,2147483647
222,1587994631851,"a748ee1a-1d0b-4ae9-9074-279a2b6ba524",6050307,44798,0,99,2147483647
223,1587996536248,"a748ee1a-1d0b-4ae9-9074-279a2b6ba524",6050307,44798,0,99,2147483647
224,1587998343854,"a748ee1a-1d0b-4ae9-9074-279a2b6ba524",6050307,44798,0,99,2147483647
225,1588000190011,"a748ee1a-1d0b-4ae9-9074-279a2b6ba524",6050307,44798,0,99,2147483647
226,1588001963136,"a748ee1a-1d0b-4ae9-9074-279a2b6ba524",6050307,44798,0,99,2147483647
227,1588003743086,"a748ee1a-1d0b-4ae9-9074-279a2b6ba524",6050307,44798,0,99,2147483647
228,1588005544806,"a748ee1a-1d0b-4ae9-9074-279a2b6ba524",6050307,44798,0,99,2147483647
229,1588007341022,"a748ee1a-1d0b-4ae9-9074-279a2b6ba524",6050307,44798,0,99,2147483647
230,1588009143869,"a748ee1a-1d0b-4ae9-9074-279a2b6ba524",6050307,44798,0,99,2147483647
231,1588010948197,"a748ee1a-1d0b-4ae9-9074-279a2b6ba524",6050307,44798,0,99,2147483647
232,1588012750015,"a748ee1a-1d0b-4ae9-9074-279a2b6ba524",6050307,44798,0,99,2147483647
233,1588014560388,"a748ee1a-1d0b-4ae9-9074-279a2b6ba524",6050307,44798,0,99,2147483647
234,1588016341893,"a748ee1a-1d0b-4ae9-9074-279a2b6ba524",6050307,44798,0,99,2147483647
235,1588018142980,"a748ee1a-1d0b-4ae9-9074-279a2b6ba524",6050307,44798,0,99,2147483647
236,1588020001221,"a748ee1a-1d0b-4ae9-9074-279a2b6ba524",6050307,44798,0,99,2147483647
237,1588021814082,"a748ee1a-1d0b-4ae9-9074-279a2b6ba524",6050307,44798,0,99,2147483647
238,1588023630870,"a748ee1a-1d0b-4ae9-9074-279a2b6ba524",6050307,44798,0,99,2147483647
239,1588025404877,"a748ee1a-1d0b-4ae9-9074-279a2b6ba524",6050307,44798,0,99,2147483647
240,1588027219903,"a748ee1a-1d0b-4ae9-9074-279a2b6ba524",6050307,44798,0,99,2147483647
241,1588030164666,"a748ee1a-1d0b-4ae9-9074-279a2b6ba524",6050307,44798,0,99,2147483647
242,1588031995268,"a748ee1a-1d0b-4ae9-9074-279a2b6ba524",6050307,44798,0,99,2147483647
243,1588033802895,"a748ee1a-1d0b-4ae9-9074-279a2b6ba524",6050307,44798,0,99,2147483647
244,1588035785256,"a748ee1a-1d0b-4ae9-9074-279a2b6ba524",6050307,44798,0,99,2147483647
245,1588037598800,"a748ee1a-1d0b-4ae9-9074-279a2b6ba524",6050307,44798,0,99,2147483647
246,1588039381828,"a748ee1a-1d0b-4ae9-9074-279a2b6ba524",6050307,44798,0,99,2147483647
247,1588041168041,"a748ee1a-1d0b-4ae9-9074-279a2b6ba524",6050307,44798,0,99,2147483647
248,1588042273561,"a748ee1a-1d0b-4ae9-9074-279a2b6ba524",9167373,44798,0,99,2147483647
249,1588042494527,"a748ee1a-1d0b-4ae9-9074-279a2b6ba524",6050307,44798,0,99,2147483647
250,1588042981269,"a748ee1a-1d0b-4ae9-9074-279a2b6ba524",6050307,44798,0,99,2147483647
251,1588044888716,"a748ee1a-1d0b-4ae9-9074-279a2b6ba524",6050307,44798,0,99,2147483647
252,1588046798732,"a748ee1a-1d0b-4ae9-9074-279a2b6ba524",6050307,44798,0,99,2147483647
253,1588050828142,"a748ee1a-1d0b-4ae9-9074-279a2b6ba524",6050307,44798,0,99,2147483647
254,1588057934928,"a748ee1a-1d0b-4ae9-9074-279a2b6ba524",6050307,44798,0,99,2147483647
255,1588072378866,"a748ee1a-1d0b-4ae9-9074-279a2b6ba524",6050307,44798,0,99,2147483647
256,1588074249146,"a748ee1a-1d0b-4ae9-9074-279a2b6ba524",6050307,44798,0,99,2147483647
257,1588075206348,"a748ee1a-1d0b-4ae9-9074-279a2b6ba524",6050306,44798,0,99,2147483647
258,1588075615880,"a748ee1a-1d0b-4ae9-9074-279a2b6ba524",6050307,44798,0,99,2147483647
259,1588076041449,"a748ee1a-1d0b-4ae9-9074-279a2b6ba524",6050307,44798,0,99,2147483647
260,1588077848758,"a748ee1a-1d0b-4ae9-9074-279a2b6ba524",6050307,44798,0,99,2147483647
261,1588079669157,"a748ee1a-1d0b-4ae9-9074-279a2b6ba524",6050307,44798,0,99,2147483647
262,1588081447854,"a748ee1a-1d0b-4ae9-9074-279a2b6ba524",6050307,44798,0,99,2147483647
263,1588083237410,"a748ee1a-1d0b-4ae9-9074-279a2b6ba524",6050307,44798,0,99,2147483647
264,1588085011925,"a748ee1a-1d0b-4ae9-9074-279a2b6ba524",6050307,44798,0,99,2147483647
265,1588086791939,"a748ee1a-1d0b-4ae9-9074-279a2b6ba524",6050307,44798,0,99,2147483647
266,1588089881023,"a748ee1a-1d0b-4ae9-9074-279a2b6ba524",6050307,44798,0,99,2147483647
267,1588091648994,"a748ee1a-1d0b-4ae9-9074-279a2b6ba524",6050307,44798,0,99,2147483647
268,1588093505508,"a748ee1a-1d0b-4ae9-9074-279a2b6ba524",6050307,44798,0,99,2147483647
269,1588096231717,"a748ee1a-1d0b-4ae9-9074-279a2b6ba524",6050307,44798,0,99,2147483647
270,1588098090916,"a748ee1a-1d0b-4ae9-9074-279a2b6ba524",6050307,44798,0,99,2147483647
271,1588099884334,"a748ee1a-1d0b-4ae9-9074-279a2b6ba524",6050307,44798,0,99,2147483647
272,1588101704376,"a748ee1a-1d0b-4ae9-9074-279a2b6ba524",6050307,44798,0,99,2147483647
273,1588103464528,"a748ee1a-1d0b-4ae9-9074-279a2b6ba524",6050307,44798,0,99,2147483647
274,1588103540839,"a748ee1a-1d0b-4ae9-9074-279a2b6ba524",6050307,44798,0,99,2147483647
275,1588105337250,"a748ee1a-1d0b-4ae9-9074-279a2b6ba524",6050307,44798,0,99,2147483647
276,1588106816940,"a748ee1a-1d0b-4ae9-9074-279a2b6ba524",6050307,44798,0,99,2147483647
277,1588107109477,"a748ee1a-1d0b-4ae9-9074-279a2b6ba524",6050307,44798,0,99,2147483647
278,1588108878986,"a748ee1a-1d0b-4ae9-9074-279a2b6ba524",6050307,44798,0,99,2147483647
279,1588111519334,"a748ee1a-1d0b-4ae9-9074-279a2b6ba524",6050307,44798,0,99,2147483647
280,1588113300487,"a748ee1a-1d0b-4ae9-9074-279a2b6ba524",6050307,44798,0,99,2147483647
281,1588115075555,"a748ee1a-1d0b-4ae9-9074-279a2b6ba524",6050307,44798,0,99,2147483647
282,1588116858310,"a748ee1a-1d0b-4ae9-9074-279a2b6ba524",6050307,44798,0,99,2147483647
283,1588118663968,"a748ee1a-1d0b-4ae9-9074-279a2b6ba524",6050307,44798,0,99,2147483647
284,1588120450573,"a748ee1a-1d0b-4ae9-9074-279a2b6ba524",6050307,44798,0,99,2147483647
285,1588121691162,"a748ee1a-1d0b-4ae9-9074-279a2b6ba524",9167373,44798,0,99,2147483647
286,1588122268058,"a748ee1a-1d0b-4ae9-9074-279a2b6ba524",9167373,44798,0,99,2147483647
287,1588124050089,"a748ee1a-1d0b-4ae9-9074-279a2b6ba524",9167373,44798,0,99,2147483647
288,1588124513419,"a748ee1a-1d0b-4ae9-9074-279a2b6ba524",9167373,44798,0,99,2147483647
289,1588126035313,"a748ee1a-1d0b-4ae9-9074-279a2b6ba524",9167373,44798,0,99,2147483647
290,1588127843815,"a748ee1a-1d0b-4ae9-9074-279a2b6ba524",9167373,44798,0,99,2147483647
291,1588129641984,"a748ee1a-1d0b-4ae9-9074-279a2b6ba524",9167373,44798,0,99,2147483647
292,1588131469287,"a748ee1a-1d0b-4ae9-9074-279a2b6ba524",9167373,44798,0,99,2147483647
293,1588133242564,"a748ee1a-1d0b-4ae9-9074-279a2b6ba524",9167373,44798,0,99,2147483647
294,1588135045537,"a748ee1a-1d0b-4ae9-9074-279a2b6ba524",9167373,44798,0,99,2147483647
295,1588136824998,"a748ee1a-1d0b-4ae9-9074-279a2b6ba524",9167373,44798,0,99,2147483647
296,1588138646099,"a748ee1a-1d0b-4ae9-9074-279a2b6ba524",9167373,44798,0,99,2147483647
297,1588140417409,"a748ee1a-1d0b-4ae9-9074-279a2b6ba524",9167373,44798,0,99,2147483647
298,1588142246688,"a748ee1a-1d0b-4ae9-9074-279a2b6ba524",9167373,44798,0,99,2147483647
299,1588144048642,"a748ee1a-1d0b-4ae9-9074-279a2b6ba524",9167373,44798,0,99,2147483647
300,1588145851009,"a748ee1a-1d0b-4ae9-9074-279a2b6ba524",9167373,44798,0,99,2147483647
301,1588147727863,"a748ee1a-1d0b-4ae9-9074-279a2b6ba524",9167373,44798,0,99,2147483647
302,1588149528104,"a748ee1a-1d0b-4ae9-9074-279a2b6ba524",9167373,44798,0,99,2147483647
303,1588151345420,"a748ee1a-1d0b-4ae9-9074-279a2b6ba524",9167373,44798,0,99,2147483647
304,1588153128091,"a748ee1a-1d0b-4ae9-9074-279a2b6ba524",9167373,44798,0,99,2147483647
305,1588154945352,"a748ee1a-1d0b-4ae9-9074-279a2b6ba524",9167373,44798,0,99,2147483647
306,1588156755085,"a748ee1a-1d0b-4ae9-9074-279a2b6ba524",9167373,44798,0,99,2147483647
307,1588158557027,"a748ee1a-1d0b-4ae9-9074-279a2b6ba524",9167373,44798,0,99,2147483647
308,1588160341149,"a748ee1a-1d0b-4ae9-9074-279a2b6ba524",9167373,44798,0,99,2147483647
309,1588160723047,"a748ee1a-1d0b-4ae9-9074-279a2b6ba524",6050307,44798,0,99,2147483647
310,1588162141140,"a748ee1a-1d0b-4ae9-9074-279a2b6ba524",6050307,44798,0,99,2147483647
311,1588163928113,"a748ee1a-1d0b-4ae9-9074-279a2b6ba524",6050307,44798,0,99,2147483647
312,1588165744109,"a748ee1a-1d0b-4ae9-9074-279a2b6ba524",6050307,44798,0,99,2147483647
313,1588167558421,"a748ee1a-1d0b-4ae9-9074-279a2b6ba524",6050307,44798,0,99,2147483647
314,1588169334171,"a748ee1a-1d0b-4ae9-9074-279a2b6ba524",6050307,44798,0,99,2147483647
315,1588171136027,"a748ee1a-1d0b-4ae9-9074-279a2b6ba524",6050307,44798,0,99,2147483647
316,1588172906368,"a748ee1a-1d0b-4ae9-9074-279a2b6ba524",6050307,44798,0,99,2147483647
317,1588174688268,"a748ee1a-1d0b-4ae9-9074-279a2b6ba524",6050307,44798,0,99,2147483647
318,1588176503922,"a748ee1a-1d0b-4ae9-9074-279a2b6ba524",6050307,44798,0,99,2147483647
319,1588178362167,"a748ee1a-1d0b-4ae9-9074-279a2b6ba524",6050307,44798,0,99,2147483647
320,1588180165442,"a748ee1a-1d0b-4ae9-9074-279a2b6ba524",6050307,44798,0,99,2147483647
321,1588181986046,"a748ee1a-1d0b-4ae9-9074-279a2b6ba524",6050307,44798,0,99,2147483647
322,1588183829233,"a748ee1a-1d0b-4ae9-9074-279a2b6ba524",6050307,44798,0,99,2147483647
323,1588185624201,"a748ee1a-1d0b-4ae9-9074-279a2b6ba524",6050307,44798,0,99,2147483647
324,1588187459499,"a748ee1a-1d0b-4ae9-9074-279a2b6ba524",6050307,44798,0,99,2147483647
325,1588189295908,"a748ee1a-1d0b-4ae9-9074-279a2b6ba524",6050307,44798,0,99,2147483647
326,1588191093355,"a748ee1a-1d0b-4ae9-9074-279a2b6ba524",6050307,44798,0,99,2147483647
327,1588192911173,"a748ee1a-1d0b-4ae9-9074-279a2b6ba524",6050307,44798,0,99,2147483647
328,1588194706048,"a748ee1a-1d0b-4ae9-9074-279a2b6ba524",6050307,44798,0,99,2147483647
329,1588196491186,"a748ee1a-1d0b-4ae9-9074-279a2b6ba524",6050307,44798,0,99,2147483647
330,1588198324242,"a748ee1a-1d0b-4ae9-9074-279a2b6ba524",6050307,44798,0,99,2147483647
331,1588200130432,"a748ee1a-1d0b-4ae9-9074-279a2b6ba524",6050307,44798,0,99,2147483647
332,1588201267503,"a748ee1a-1d0b-4ae9-9074-279a2b6ba524",9167373,44798,0,99,2147483647
333,1588201913112,"a748ee1a-1d0b-4ae9-9074-279a2b6ba524",9167373,44798,0,99,2147483647
334,1588203801558,"a748ee1a-1d0b-4ae9-9074-279a2b6ba524",9167373,44798,0,99,2147483647
335,1588205699026,"a748ee1a-1d0b-4ae9-9074-279a2b6ba524",9167373,44798,0,99,2147483647
336,1588207561589,"a748ee1a-1d0b-4ae9-9074-279a2b6ba524",9167373,44798,0,99,2147483647
337,1588208931788,"a748ee1a-1d0b-4ae9-9074-279a2b6ba524",6050307,44798,0,99,2147483647
338,1588209361749,"a748ee1a-1d0b-4ae9-9074-279a2b6ba524",6050307,44798,0,99,2147483647
339,1588211161672,"a748ee1a-1d0b-4ae9-9074-279a2b6ba524",6050307,44798,0,99,2147483647
340,1588212962041,"a748ee1a-1d0b-4ae9-9074-279a2b6ba524",6050307,44798,0,99,2147483647
341,1588214415540,"a748ee1a-1d0b-4ae9-9074-279a2b6ba524",6050306,44798,0,99,2147483647
342,1588214464997,"a748ee1a-1d0b-4ae9-9074-279a2b6ba524",6050307,44798,0,99,2147483647
343,1588214793008,"a748ee1a-1d0b-4ae9-9074-279a2b6ba524",6050307,44798,0,99,2147483647
344,1588216688929,"a748ee1a-1d0b-4ae9-9074-279a2b6ba524",6050307,44798,0,99,2147483647
345,1588218466945,"a748ee1a-1d0b-4ae9-9074-279a2b6ba524",6050307,44798,0,99,2147483647
346,1588220295246,"a748ee1a-1d0b-4ae9-9074-279a2b6ba524",6050307,44798,0,99,2147483647
347,1588220358334,"a748ee1a-1d0b-4ae9-9074-279a2b6ba524",6050306,44798,0,99,2147483647
348,1588220392582,"a748ee1a-1d0b-4ae9-9074-279a2b6ba524",6050307,44798,0,99,2147483647
349,1588222097473,"a748ee1a-1d0b-4ae9-9074-279a2b6ba524",6050307,44798,0,99,2147483647
350,1588222768713,"a748ee1a-1d0b-4ae9-9074-279a2b6ba524",6050306,44798,0,99,2147483647
351,1588222770333,"a748ee1a-1d0b-4ae9-9074-279a2b6ba524",6050307,44798,0,99,2147483647
352,1588222789525,"a748ee1a-1d0b-4ae9-9074-279a2b6ba524",6050327,44798,0,99,2147483647
353,1588222790703,"a748ee1a-1d0b-4ae9-9074-279a2b6ba524",6050307,44798,0,99,2147483647
354,1588223911124,"a748ee1a-1d0b-4ae9-9074-279a2b6ba524",6050307,44798,0,99,2147483647
355,1588225688363,"a748ee1a-1d0b-4ae9-9074-279a2b6ba524",6050307,44798,0,99,2147483647
356,1588227463951,"a748ee1a-1d0b-4ae9-9074-279a2b6ba524",6050307,44798,0,99,2147483647
357,1588229267044,"a748ee1a-1d0b-4ae9-9074-279a2b6ba524",6050307,44798,0,99,2147483647
358,1588229949384,"a748ee1a-1d0b-4ae9-9074-279a2b6ba524",6050306,44798,0,99,2147483647
359,1588229951013,"a748ee1a-1d0b-4ae9-9074-279a2b6ba524",6050307,44798,0,99,2147483647
360,1588231069164,"a748ee1a-1d0b-4ae9-9074-279a2b6ba524",6050307,44798,0,99,2147483647
361,1588231137296,"a748ee1a-1d0b-4ae9-9074-279a2b6ba524",9167373,44798,0,99,2147483647
362,1588232888412,"a748ee1a-1d0b-4ae9-9074-279a2b6ba524",9167373,44798,0,99,2147483647
363,1588234159448,"a748ee1a-1d0b-4ae9-9074-279a2b6ba524",6050327,44798,0,99,2147483647
364,1588234161714,"a748ee1a-1d0b-4ae9-9074-279a2b6ba524",6050307,44798,0,99,2147483647
365,1588234733857,"a748ee1a-1d0b-4ae9-9074-279a2b6ba524",6050307,44798,0,99,2147483647
366,1588235234488,"a748ee1a-1d0b-4ae9-9074-279a2b6ba524",9167373,44798,0,99,2147483647
367,1588236611936,"a748ee1a-1d0b-4ae9-9074-279a2b6ba524",9167373,44798,0,99,2147483647
368,1588237141703,"a748ee1a-1d0b-4ae9-9074-279a2b6ba524",6050327,44798,0,99,2147483647
369,1588237144823,"a748ee1a-1d0b-4ae9-9074-279a2b6ba524",6050307,44798,0,99,2147483647
370,1588238432027,"a748ee1a-1d0b-4ae9-9074-279a2b6ba524",6050307,44798,0,99,2147483647
371,1588239841767,"a748ee1a-1d0b-4ae9-9074-279a2b6ba524",9167373,44798,0,99,2147483647
372,1588240231084,"a748ee1a-1d0b-4ae9-9074-279a2b6ba524",9167373,44798,0,99,2147483647
373,1588241337652,"a748ee1a-1d0b-4ae9-9074-279a2b6ba524",6050307,44798,0,99,2147483647
374,1588242033508,"a748ee1a-1d0b-4ae9-9074-279a2b6ba524",6050307,44798,0,99,2147483647
375,1588243835287,"a748ee1a-1d0b-4ae9-9074-279a2b6ba524",6050307,44798,0,99,2147483647
376,1588244944950,"a748ee1a-1d0b-4ae9-9074-279a2b6ba524",6050327,44798,0,99,2147483647
377,1588244946412,"a748ee1a-1d0b-4ae9-9074-279a2b6ba524",6050307,44798,0,99,2147483647
378,1588244951655,"a748ee1a-1d0b-4ae9-9074-279a2b6ba524",6050327,44798,0,99,2147483647
379,1588244953305,"a748ee1a-1d0b-4ae9-9074-279a2b6ba524",9167373,44798,0,99,2147483647
380,1588245631471,"a748ee1a-1d0b-4ae9-9074-279a2b6ba524",9167373,44798,0,99,2147483647
381,1588246549089,"a748ee1a-1d0b-4ae9-9074-279a2b6ba524",6050307,44798,0,99,2147483647
382,1588247438704,"a748ee1a-1d0b-4ae9-9074-279a2b6ba524",6050307,44798,0,99,2147483647
383,1588249261229,"a748ee1a-1d0b-4ae9-9074-279a2b6ba524",6050307,44798,0,99,2147483647
384,1588251088268,"a748ee1a-1d0b-4ae9-9074-279a2b6ba524",6050307,44798,0,99,2147483647
385,1588252913230,"a748ee1a-1d0b-4ae9-9074-279a2b6ba524",6050307,44798,0,99,2147483647
386,1588254697136,"a748ee1a-1d0b-4ae9-9074-279a2b6ba524",6050307,44798,0,99,2147483647
387,1588256498666,"a748ee1a-1d0b-4ae9-9074-279a2b6ba524",6050307,44798,0,99,2147483647
388,1588258294069,"a748ee1a-1d0b-4ae9-9074-279a2b6ba524",6050307,44798,0,99,2147483647
389,1588260079145,"a748ee1a-1d0b-4ae9-9074-279a2b6ba524",6050307,44798,0,99,2147483647
390,1588261872144,"a748ee1a-1d0b-4ae9-9074-279a2b6ba524",6050307,44798,0,99,2147483647
391,1588263682283,"a748ee1a-1d0b-4ae9-9074-279a2b6ba524",6050307,44798,0,99,2147483647
392,1588265541008,"a748ee1a-1d0b-4ae9-9074-279a2b6ba524",6050307,44798,0,99,2147483647
393,1588267327033,"a748ee1a-1d0b-4ae9-9074-279a2b6ba524",6050307,44798,0,99,2147483647
394,1588270163807,"a748ee1a-1d0b-4ae9-9074-279a2b6ba524",6050307,44798,0,99,2147483647
395,1588271942279,"a748ee1a-1d0b-4ae9-9074-279a2b6ba524",6050307,44798,0,99,2147483647
396,1588273755952,"a748ee1a-1d0b-4ae9-9074-279a2b6ba524",6050307,44798,0,99,2147483647
397,1588275542511,"a748ee1a-1d0b-4ae9-9074-279a2b6ba524",6050307,44798,0,99,2147483647
398,1588277357001,"a748ee1a-1d0b-4ae9-9074-279a2b6ba524",6050307,44798,0,99,2147483647
399,1588279161130,"a748ee1a-1d0b-4ae9-9074-279a2b6ba524",6050307,44798,0,99,2147483647
400,1588280979803,"a748ee1a-1d0b-4ae9-9074-279a2b6ba524",6050307,44798,0,99,2147483647
401,1588282771439,"a748ee1a-1d0b-4ae9-9074-279a2b6ba524",6050307,44798,0,99,2147483647
402,1588284629139,"a748ee1a-1d0b-4ae9-9074-279a2b6ba524",6050307,44798,0,99,2147483647
403,1588288324154,"a748ee1a-1d0b-4ae9-9074-279a2b6ba524",6050307,44798,0,99,2147483647
404,1588290177161,"a748ee1a-1d0b-4ae9-9074-279a2b6ba524",6050307,44798,0,99,2147483647
405,1588292023535,"a748ee1a-1d0b-4ae9-9074-279a2b6ba524",6050307,44798,0,99,2147483647
406,1588293836839,"a748ee1a-1d0b-4ae9-9074-279a2b6ba524",6050307,44798,0,99,2147483647
407,1588295626586,"a748ee1a-1d0b-4ae9-9074-279a2b6ba524",6050307,44798,0,99,2147483647
408,1588297467229,"a748ee1a-1d0b-4ae9-9074-279a2b6ba524",6050307,44798,0,99,2147483647
409,1588299237272,"a748ee1a-1d0b-4ae9-9074-279a2b6ba524",6050307,44798,0,99,2147483647
410,1588300037404,"a748ee1a-1d0b-4ae9-9074-279a2b6ba524",6050306,44798,0,99,2147483647
411,1588300040497,"a748ee1a-1d0b-4ae9-9074-279a2b6ba524",6050307,44798,0,99,2147483647
412,1588301041340,"a748ee1a-1d0b-4ae9-9074-279a2b6ba524",6050307,44798,0,99,2147483647
413,1588302843446,"a748ee1a-1d0b-4ae9-9074-279a2b6ba524",6050307,44798,0,99,2147483647
414,1588304645493,"a748ee1a-1d0b-4ae9-9074-279a2b6ba524",6050307,44798,0,99,2147483647
415,1588306475210,"a748ee1a-1d0b-4ae9-9074-279a2b6ba524",6050307,44798,0,99,2147483647
416,1588308247168,"a748ee1a-1d0b-4ae9-9074-279a2b6ba524",6050307,44798,0,99,2147483647
417,1588310049169,"a748ee1a-1d0b-4ae9-9074-279a2b6ba524",6050307,44798,0,99,2147483647
418,1588311851301,"a748ee1a-1d0b-4ae9-9074-279a2b6ba524",6050307,44798,0,99,2147483647
419,1588313654093,"a748ee1a-1d0b-4ae9-9074-279a2b6ba524",6050307,44798,0,99,2147483647
420,1588315456104,"a748ee1a-1d0b-4ae9-9074-279a2b6ba524",6050307,44798,0,99,2147483647
421,1588315740137,"a748ee1a-1d0b-4ae9-9074-279a2b6ba524",6050306,44798,0,99,2147483647
422,1588315773004,"a748ee1a-1d0b-4ae9-9074-279a2b6ba524",6050307,44798,0,99,2147483647
423,1588317246917,"a748ee1a-1d0b-4ae9-9074-279a2b6ba524",6050307,44798,0,99,2147483647
424,1588319048396,"a748ee1a-1d0b-4ae9-9074-279a2b6ba524",6050307,44798,0,99,2147483647
425,1588319271167,"a748ee1a-1d0b-4ae9-9074-279a2b6ba524",8690968,44798,0,99,2147483647
426,1588319272179,"a748ee1a-1d0b-4ae9-9074-279a2b6ba524",9167373,44798,0,99,2147483647
427,1588319291702,"a748ee1a-1d0b-4ae9-9074-279a2b6ba524",6050306,44798,0,99,2147483647
428,1588319573503,"a748ee1a-1d0b-4ae9-9074-279a2b6ba524",6050307,44798,0,99,2147483647
429,1588320850281,"a748ee1a-1d0b-4ae9-9074-279a2b6ba524",6050307,44798,0,99,2147483647
430,1588321677973,"a748ee1a-1d0b-4ae9-9074-279a2b6ba524",6050306,44798,0,99,2147483647
431,1588321711004,"a748ee1a-1d0b-4ae9-9074-279a2b6ba524",6050307,44798,0,99,2147483647
432,1588322652201,"a748ee1a-1d0b-4ae9-9074-279a2b6ba524",6050307,44798,0,99,2147483647
433,1588324157769,"a748ee1a-1d0b-4ae9-9074-279a2b6ba524",6050327,44798,0,99,2147483647
434,1588324159788,"a748ee1a-1d0b-4ae9-9074-279a2b6ba524",9167373,44798,0,99,2147483647
435,1588324454483,"a748ee1a-1d0b-4ae9-9074-279a2b6ba524",9167373,44798,0,99,2147483647
436,1588326262119,"a748ee1a-1d0b-4ae9-9074-279a2b6ba524",9167373,44798,0,99,2147483647
437,1588326557514,"a748ee1a-1d0b-4ae9-9074-279a2b6ba524",6050327,44798,0,99,2147483647
438,1588326559827,"a748ee1a-1d0b-4ae9-9074-279a2b6ba524",6050307,44798,0,99,2147483647
439,1588327781007,"a748ee1a-1d0b-4ae9-9074-279a2b6ba524",6050306,44798,0,99,2147483647
440,1588327815279,"a748ee1a-1d0b-4ae9-9074-279a2b6ba524",6050307,44798,0,99,2147483647
441,1588328086993,"a748ee1a-1d0b-4ae9-9074-279a2b6ba524",6050307,44798,0,99,2147483647
442,1588328353241,"a748ee1a-1d0b-4ae9-9074-279a2b6ba524",6050306,44798,0,99,2147483647
443,1588328387409,"a748ee1a-1d0b-4ae9-9074-279a2b6ba524",6050307,44798,0,99,2147483647
444,1588329875992,"a748ee1a-1d0b-4ae9-9074-279a2b6ba524",6050307,44798,0,99,2147483647
445,1588331656615,"a748ee1a-1d0b-4ae9-9074-279a2b6ba524",6050307,44798,0,99,2147483647
446,1588333458502,"a748ee1a-1d0b-4ae9-9074-279a2b6ba524",6050307,44798,0,99,2147483647
447,1588334412945,"a748ee1a-1d0b-4ae9-9074-279a2b6ba524",-1,44798,0,99,2147483647
448,1588334413342,"a748ee1a-1d0b-4ae9-9074-279a2b6ba524",6050306,44798,0,99,2147483647
449,1588334414580,"a748ee1a-1d0b-4ae9-9074-279a2b6ba524",6050307,44798,0,99,2147483647
450,1588335241120,"a748ee1a-1d0b-4ae9-9074-279a2b6ba524",6050307,44798,0,99,2147483647
451,1588337019832,"a748ee1a-1d0b-4ae9-9074-279a2b6ba524",6050307,44798,0,99,2147483647
452,1588338834051,"a748ee1a-1d0b-4ae9-9074-279a2b6ba524",6050307,44798,0,99,2147483647
453,1588340608016,"a748ee1a-1d0b-4ae9-9074-279a2b6ba524",6050307,44798,0,99,2147483647
454,1588342389332,"a748ee1a-1d0b-4ae9-9074-279a2b6ba524",6050307,44798,0,99,2147483647
455,1588344188308,"a748ee1a-1d0b-4ae9-9074-279a2b6ba524",6050307,44798,0,99,2147483647
456,1588346002932,"a748ee1a-1d0b-4ae9-9074-279a2b6ba524",6050307,44798,0,99,2147483647
457,1588347783877,"a748ee1a-1d0b-4ae9-9074-279a2b6ba524",6050307,44798,0,99,2147483647
458,1588349634117,"a748ee1a-1d0b-4ae9-9074-279a2b6ba524",6050307,44798,0,99,2147483647
459,1588351441261,"a748ee1a-1d0b-4ae9-9074-279a2b6ba524",6050307,44798,0,99,2147483647
460,1588353260712,"a748ee1a-1d0b-4ae9-9074-279a2b6ba524",6050307,44798,0,99,2147483647
461,1588355271170,"a748ee1a-1d0b-4ae9-9074-279a2b6ba524",6050307,44798,0,99,2147483647
462,1588357092783,"a748ee1a-1d0b-4ae9-9074-279a2b6ba524",6050307,44798,0,99,2147483647
463,1588358638736,"a748ee1a-1d0b-4ae9-9074-279a2b6ba524",-1,44798,0,99,2147483647
464,1588358904549,"a748ee1a-1d0b-4ae9-9074-279a2b6ba524",-1,44798,0,99,2147483647
465,1588358907425,"a748ee1a-1d0b-4ae9-9074-279a2b6ba524",6050306,44798,0,99,2147483647
466,1588360179378,"a748ee1a-1d0b-4ae9-9074-279a2b6ba524",6050307,44798,0,99,2147483647
467,1588360674865,"a748ee1a-1d0b-4ae9-9074-279a2b6ba524",6050307,44798,0,99,2147483647
468,1588362490181,"a748ee1a-1d0b-4ae9-9074-279a2b6ba524",6050307,44798,0,99,2147483647
469,1588366491589,"a748ee1a-1d0b-4ae9-9074-279a2b6ba524",6050307,44798,0,99,2147483647
470,1588367090621,"a748ee1a-1d0b-4ae9-9074-279a2b6ba524",-1,44798,0,99,2147483647
471,1588367090905,"a748ee1a-1d0b-4ae9-9074-279a2b6ba524",6050306,44798,0,99,2147483647
472,1588367097654,"a748ee1a-1d0b-4ae9-9074-279a2b6ba524",6050307,44798,0,99,2147483647
473,1588368301814,"a748ee1a-1d0b-4ae9-9074-279a2b6ba524",6050307,44798,0,99,2147483647
474,1588370107238,"a748ee1a-1d0b-4ae9-9074-279a2b6ba524",6050307,44798,0,99,2147483647
475,1588371922174,"a748ee1a-1d0b-4ae9-9074-279a2b6ba524",6050307,44798,0,99,2147483647
476,1588377718472,"a748ee1a-1d0b-4ae9-9074-279a2b6ba524",6050307,44798,0,99,2147483647
477,1588378398576,"a748ee1a-1d0b-4ae9-9074-279a2b6ba524",6049793,44798,0,99,2147483647
478,1588378424423,"a748ee1a-1d0b-4ae9-9074-279a2b6ba524",6081814,44798,0,99,2147483647
479,1588378677955,"a748ee1a-1d0b-4ae9-9074-279a2b6ba524",9167371,44798,0,99,2147483647
480,1588379183685,"a748ee1a-1d0b-4ae9-9074-279a2b6ba524",6050307,44798,0,99,2147483647
481,1588379533435,"a748ee1a-1d0b-4ae9-9074-279a2b6ba524",6050307,44798,0,99,2147483647
482,1588381323859,"a748ee1a-1d0b-4ae9-9074-279a2b6ba524",6050307,44798,0,99,2147483647
483,1588383135345,"a748ee1a-1d0b-4ae9-9074-279a2b6ba524",6050307,44798,0,99,2147483647
484,1588384934015,"a748ee1a-1d0b-4ae9-9074-279a2b6ba524",6050307,44798,0,99,2147483647
485,1588386706258,"a748ee1a-1d0b-4ae9-9074-279a2b6ba524",6050307,44798,0,99,2147483647
486,1588388521218,"a748ee1a-1d0b-4ae9-9074-279a2b6ba524",6050307,44798,0,99,2147483647
487,1588390359399,"a748ee1a-1d0b-4ae9-9074-279a2b6ba524",6050307,44798,0,99,2147483647
488,1588392142078,"a748ee1a-1d0b-4ae9-9074-279a2b6ba524",6050307,44798,0,99,2147483647
489,1588393932009,"a748ee1a-1d0b-4ae9-9074-279a2b6ba524",6050307,44798,0,99,2147483647
490,1588395705450,"a748ee1a-1d0b-4ae9-9074-279a2b6ba524",6050307,44798,0,99,2147483647
491,1588395949037,"a748ee1a-1d0b-4ae9-9074-279a2b6ba524",6050306,44798,0,99,2147483647
492,1588395952431,"a748ee1a-1d0b-4ae9-9074-279a2b6ba524",6050307,44798,0,99,2147483647
493,1588397575173,"a748ee1a-1d0b-4ae9-9074-279a2b6ba524",6050307,44798,0,99,2147483647
494,1588399387226,"a748ee1a-1d0b-4ae9-9074-279a2b6ba524",6050307,44798,0,99,2147483647
495,1588401196171,"a748ee1a-1d0b-4ae9-9074-279a2b6ba524",6050307,44798,0,99,2147483647
496,1588403016128,"a748ee1a-1d0b-4ae9-9074-279a2b6ba524",6050307,44798,0,99,2147483647
497,1588404987311,"a748ee1a-1d0b-4ae9-9074-279a2b6ba524",6050307,44798,0,99,2147483647
498,1588406768361,"a748ee1a-1d0b-4ae9-9074-279a2b6ba524",6050307,44798,0,99,2147483647
499,1588408542173,"a748ee1a-1d0b-4ae9-9074-279a2b6ba524",6050307,44798,0,99,2147483647
500,1588412118732,"a748ee1a-1d0b-4ae9-9074-279a2b6ba524",6050307,44798,0,99,2147483647
501,1588430009150,"a748ee1a-1d0b-4ae9-9074-279a2b6ba524",6050307,44798,0,99,2147483647
502,1588433225754,"a748ee1a-1d0b-4ae9-9074-279a2b6ba524",6050307,44798,0,99,2147483647
503,1588435082227,"a748ee1a-1d0b-4ae9-9074-279a2b6ba524",6050307,44798,0,99,2147483647
504,1588436867653,"a748ee1a-1d0b-4ae9-9074-279a2b6ba524",6050307,44798,0,99,2147483647
505,1588438058293,"a748ee1a-1d0b-4ae9-9074-279a2b6ba524",6050307,44798,0,99,2147483647
506,1588438058369,"a748ee1a-1d0b-4ae9-9074-279a2b6ba524",6050307,44798,0,99,2147483647
507,1588438058438,"a748ee1a-1d0b-4ae9-9074-279a2b6ba524",6050307,44798,0,99,2147483647
508,1588438685915,"a748ee1a-1d0b-4ae9-9074-279a2b6ba524",6050307,44798,0,99,2147483647
509,1588440489169,"a748ee1a-1d0b-4ae9-9074-279a2b6ba524",6050307,44798,0,99,2147483647
510,1588442291973,"a748ee1a-1d0b-4ae9-9074-279a2b6ba524",6050307,44798,0,99,2147483647
511,1588444094513,"a748ee1a-1d0b-4ae9-9074-279a2b6ba524",6050307,44798,0,99,2147483647
512,1588445897115,"a748ee1a-1d0b-4ae9-9074-279a2b6ba524",6050307,44798,0,99,2147483647
513,1588447699821,"a748ee1a-1d0b-4ae9-9074-279a2b6ba524",6050307,44798,0,99,2147483647
514,1588449498158,"a748ee1a-1d0b-4ae9-9074-279a2b6ba524",6050307,44798,0,99,2147483647
515,1588449930347,"a748ee1a-1d0b-4ae9-9074-279a2b6ba524",6070787,44797,0,99,2147483647
516,1588449983438,"a748ee1a-1d0b-4ae9-9074-279a2b6ba524",6051329,44798,0,99,2147483647
517,1588449984217,"a748ee1a-1d0b-4ae9-9074-279a2b6ba524",6070787,44798,0,99,2147483647
518,1588449984364,"a748ee1a-1d0b-4ae9-9074-279a2b6ba524",6070787,44797,0,99,2147483647
519,1588450010989,"a748ee1a-1d0b-4ae9-9074-279a2b6ba524",8921880,44797,0,99,2147483647
520,1588450011715,"a748ee1a-1d0b-4ae9-9074-279a2b6ba524",-1,44797,0,99,2147483647
521,1588450012094,"a748ee1a-1d0b-4ae9-9074-279a2b6ba524",6070787,44797,0,99,2147483647
522,1588450023809,"a748ee1a-1d0b-4ae9-9074-279a2b6ba524",6051349,44798,0,99,2147483647
523,1588450024945,"a748ee1a-1d0b-4ae9-9074-279a2b6ba524",9000707,44797,0,99,2147483647
524,1588450037024,"a748ee1a-1d0b-4ae9-9074-279a2b6ba524",8921860,44797,0,99,2147483647
525,1588450037591,"a748ee1a-1d0b-4ae9-9074-279a2b6ba524",6070787,44797,0,99,2147483647
526,1588450051460,"a748ee1a-1d0b-4ae9-9074-279a2b6ba524",9000707,44797,0,99,2147483647
527,1588450078820,"a748ee1a-1d0b-4ae9-9074-279a2b6ba524",6051349,44798,0,99,2147483647
528,1588450083133,"a748ee1a-1d0b-4ae9-9074-279a2b6ba524",6070787,44797,0,99,2147483647
529,1588450085707,"a748ee1a-1d0b-4ae9-9074-279a2b6ba524",27229955,44797,0,99,2147483647
530,1588451184809,"a748ee1a-1d0b-4ae9-9074-279a2b6ba524",9000707,44797,0,99,2147483647
531,1588451266228,"a748ee1a-1d0b-4ae9-9074-279a2b6ba524",27229965,44797,0,99,2147483647
532,1588451314513,"a748ee1a-1d0b-4ae9-9074-279a2b6ba524",27229965,44797,0,99,2147483647
533,1588451893875,"a748ee1a-1d0b-4ae9-9074-279a2b6ba524",9000707,44797,0,99,2147483647
534,1588452338850,"a748ee1a-1d0b-4ae9-9074-279a2b6ba524",27229965,44797,0,99,2147483647
535,1588452765223,"a748ee1a-1d0b-4ae9-9074-279a2b6ba524",27229957,44797,0,99,2147483647
536,1588452969190,"a748ee1a-1d0b-4ae9-9074-279a2b6ba524",6070787,44797,0,99,2147483647
537,1588453092764,"a748ee1a-1d0b-4ae9-9074-279a2b6ba524",6070787,44797,0,99,2147483647
538,1588453338904,"a748ee1a-1d0b-4ae9-9074-279a2b6ba524",6070785,44797,0,99,2147483647
539,1588453550624,"a748ee1a-1d0b-4ae9-9074-279a2b6ba524",6070786,44797,0,99,2147483647
540,1588454209731,"a748ee1a-1d0b-4ae9-9074-279a2b6ba524",27229965,44797,0,99,2147483647
541,1588454894738,"a748ee1a-1d0b-4ae9-9074-279a2b6ba524",27229965,44797,0,99,2147483647
542,1588455892979,"a748ee1a-1d0b-4ae9-9074-279a2b6ba524",6050307,44797,0,99,2147483647
543,1588456694338,"a748ee1a-1d0b-4ae9-9074-279a2b6ba524",6050307,44797,0,99,2147483647
544,1588456993657,"a748ee1a-1d0b-4ae9-9074-279a2b6ba524",6050307,44798,0,99,2147483647
545,1588458484024,"a748ee1a-1d0b-4ae9-9074-279a2b6ba524",6050307,44798,0,99,2147483647
546,1588460253940,"a748ee1a-1d0b-4ae9-9074-279a2b6ba524",6050307,44798,0,99,2147483647
547,1588461896056,"a748ee1a-1d0b-4ae9-9074-279a2b6ba524",6050306,44798,0,99,2147483647
548,1588461905714,"a748ee1a-1d0b-4ae9-9074-279a2b6ba524",6050307,44798,0,99,2147483647
549,1588462013721,"a748ee1a-1d0b-4ae9-9074-279a2b6ba524",6050306,44798,0,99,2147483647
550,1588462050628,"a748ee1a-1d0b-4ae9-9074-279a2b6ba524",6050307,44798,0,99,2147483647
551,1588462082641,"a748ee1a-1d0b-4ae9-9074-279a2b6ba524",6050307,44798,0,99,2147483647
552,1588463964972,"a748ee1a-1d0b-4ae9-9074-279a2b6ba524",6050307,44798,0,99,2147483647
553,1588465852050,"a748ee1a-1d0b-4ae9-9074-279a2b6ba524",6050307,44798,0,99,2147483647
554,1588469582646,"a748ee1a-1d0b-4ae9-9074-279a2b6ba524",6050307,44798,0,99,2147483647
555,1588473406899,"a748ee1a-1d0b-4ae9-9074-279a2b6ba524",6050307,44798,0,99,2147483647
556,1588475276060,"a748ee1a-1d0b-4ae9-9074-279a2b6ba524",6050307,44798,0,99,2147483647
557,1588477081312,"a748ee1a-1d0b-4ae9-9074-279a2b6ba524",6050307,44798,0,99,2147483647
558,1588478881021,"a748ee1a-1d0b-4ae9-9074-279a2b6ba524",6050307,44798,0,99,2147483647
559,1588480719954,"a748ee1a-1d0b-4ae9-9074-279a2b6ba524",6050307,44798,0,99,2147483647
560,1588482599996,"a748ee1a-1d0b-4ae9-9074-279a2b6ba524",6050307,44798,0,99,2147483647
561,1588486163960,"a748ee1a-1d0b-4ae9-9074-279a2b6ba524",6050307,44798,0,99,2147483647
562,1588493203332,"a748ee1a-1d0b-4ae9-9074-279a2b6ba524",6050307,44798,0,99,2147483647
563,1588507489994,"a748ee1a-1d0b-4ae9-9074-279a2b6ba524",6050307,44798,0,99,2147483647
564,1588510146419,"a748ee1a-1d0b-4ae9-9074-279a2b6ba524",6050307,44798,0,99,2147483647
565,1588511985676,"a748ee1a-1d0b-4ae9-9074-279a2b6ba524",6050307,44798,0,99,2147483647
566,1588513762709,"a748ee1a-1d0b-4ae9-9074-279a2b6ba524",6050307,44798,0,99,2147483647
567,1588517802295,"a748ee1a-1d0b-4ae9-9074-279a2b6ba524",6050307,44798,0,99,2147483647
568,1588521084607,"a748ee1a-1d0b-4ae9-9074-279a2b6ba524",6050307,44798,0,99,2147483647
569,1588522872489,"a748ee1a-1d0b-4ae9-9074-279a2b6ba524",6050307,44798,0,99,2147483647
570,1588524658084,"a748ee1a-1d0b-4ae9-9074-279a2b6ba524",6050307,44798,0,99,2147483647
571,1588526474180,"a748ee1a-1d0b-4ae9-9074-279a2b6ba524",6050307,44798,0,99,2147483647
572,1588528283821,"a748ee1a-1d0b-4ae9-9074-279a2b6ba524",6050307,44798,0,99,2147483647
573,1588530075842,"a748ee1a-1d0b-4ae9-9074-279a2b6ba524",6050307,44798,0,99,2147483647
574,1588531883511,"a748ee1a-1d0b-4ae9-9074-279a2b6ba524",6050307,44798,0,99,2147483647
575,1588533687888,"a748ee1a-1d0b-4ae9-9074-279a2b6ba524",6050307,44798,0,99,2147483647
576,1588534551503,"a748ee1a-1d0b-4ae9-9074-279a2b6ba524",6051331,44798,0,99,2147483647
577,1588535039278,"a748ee1a-1d0b-4ae9-9074-279a2b6ba524",6051350,44798,0,99,2147483647
578,1588535185183,"a748ee1a-1d0b-4ae9-9074-279a2b6ba524",6050839,44797,0,99,2147483647
579,1588535385986,"a748ee1a-1d0b-4ae9-9074-279a2b6ba524",6051841,44797,0,99,2147483647
580,1588535475328,"a748ee1a-1d0b-4ae9-9074-279a2b6ba524",6051862,44797,0,99,2147483647
581,1588535483736,"a748ee1a-1d0b-4ae9-9074-279a2b6ba524",6051862,44797,0,99,2147483647
582,1588535612730,"a748ee1a-1d0b-4ae9-9074-279a2b6ba524",-1,44797,0,99,2147483647
583,1588535613105,"a748ee1a-1d0b-4ae9-9074-279a2b6ba524",9119253,44797,0,99,2147483647
584,1588535615710,"a748ee1a-1d0b-4ae9-9074-279a2b6ba524",25866753,44797,0,99,2147483647
585,1588535628284,"a748ee1a-1d0b-4ae9-9074-279a2b6ba524",6052375,44797,0,99,2147483647
586,1588535714025,"a748ee1a-1d0b-4ae9-9074-279a2b6ba524",-1,44797,0,99,2147483647
587,1588535714666,"a748ee1a-1d0b-4ae9-9074-279a2b6ba524",6051862,44797,0,99,2147483647
588,1588535725956,"a748ee1a-1d0b-4ae9-9074-279a2b6ba524",9119253,44797,0,99,2147483647
589,1588535872551,"a748ee1a-1d0b-4ae9-9074-279a2b6ba524",6052365,44797,0,99,2147483647
590,1588535907664,"a748ee1a-1d0b-4ae9-9074-279a2b6ba524",25866753,44797,0,99,2147483647
591,1588535921143,"a748ee1a-1d0b-4ae9-9074-279a2b6ba524",6052355,44797,0,99,2147483647
592,1588535964938,"a748ee1a-1d0b-4ae9-9074-279a2b6ba524",9119233,44797,0,99,2147483647
593,1588535967348,"a748ee1a-1d0b-4ae9-9074-279a2b6ba524",25866753,44797,0,99,2147483647
594,1588535981162,"a748ee1a-1d0b-4ae9-9074-279a2b6ba524",6052097,44797,0,99,2147483647
595,1588536074998,"a748ee1a-1d0b-4ae9-9074-279a2b6ba524",9119233,44797,0,99,2147483647
596,1588536104521,"a748ee1a-1d0b-4ae9-9074-279a2b6ba524",6052355,44797,0,99,2147483647
597,1588536120868,"a748ee1a-1d0b-4ae9-9074-279a2b6ba524",9119233,44797,0,99,2147483647
598,1588536154508,"a748ee1a-1d0b-4ae9-9074-279a2b6ba524",6052355,44797,0,99,2147483647
599,1588536157070,"a748ee1a-1d0b-4ae9-9074-279a2b6ba524",6052097,44797,0,99,2147483647
600,1588536160910,"a748ee1a-1d0b-4ae9-9074-279a2b6ba524",9119233,44797,0,99,2147483647
601,1588536447130,"a748ee1a-1d0b-4ae9-9074-279a2b6ba524",6052365,44797,0,99,2147483647
602,1588536566371,"a748ee1a-1d0b-4ae9-9074-279a2b6ba524",9119233,44797,0,99,2147483647
603,1588537310099,"a748ee1a-1d0b-4ae9-9074-279a2b6ba524",9119233,44797,0,99,2147483647
604,1588537946971,"a748ee1a-1d0b-4ae9-9074-279a2b6ba524",6052365,44797,0,99,2147483647
605,1588539083152,"a748ee1a-1d0b-4ae9-9074-279a2b6ba524",6052365,44797,0,99,2147483647
606,1588539553392,"a748ee1a-1d0b-4ae9-9074-279a2b6ba524",9119233,44797,0,99,2147483647
607,1588539612534,"a748ee1a-1d0b-4ae9-9074-279a2b6ba524",6052097,44797,0,99,2147483647
608,1588539619105,"a748ee1a-1d0b-4ae9-9074-279a2b6ba524",25866753,44797,0,99,2147483647
609,1588539646499,"a748ee1a-1d0b-4ae9-9074-279a2b6ba524",9119233,44797,0,99,2147483647
610,1588539654303,"a748ee1a-1d0b-4ae9-9074-279a2b6ba524",6052097,44797,0,99,2147483647
611,1588539774827,"a748ee1a-1d0b-4ae9-9074-279a2b6ba524",6051842,44797,0,99,2147483647
612,1588540739526,"a748ee1a-1d0b-4ae9-9074-279a2b6ba524",6050307,44798,0,99,2147483647
613,1588542683862,"a748ee1a-1d0b-4ae9-9074-279a2b6ba524",6050307,44798,0,99,2147483647
614,1588544468939,"a748ee1a-1d0b-4ae9-9074-279a2b6ba524",6050307,44798,0,99,2147483647
615,1588546261167,"a748ee1a-1d0b-4ae9-9074-279a2b6ba524",6050307,44798,0,99,2147483647
616,1588548063130,"a748ee1a-1d0b-4ae9-9074-279a2b6ba524",6050307,44798,0,99,2147483647
617,1588549878141,"a748ee1a-1d0b-4ae9-9074-279a2b6ba524",6050307,44798,0,99,2147483647
618,1588551668952,"a748ee1a-1d0b-4ae9-9074-279a2b6ba524",6050307,44798,0,99,2147483647
619,1588553454503,"a748ee1a-1d0b-4ae9-9074-279a2b6ba524",6050307,44798,0,99,2147483647
620,1588555249919,"a748ee1a-1d0b-4ae9-9074-279a2b6ba524",6050307,44798,0,99,2147483647
621,1588557020975,"a748ee1a-1d0b-4ae9-9074-279a2b6ba524",6050307,44798,0,99,2147483647
622,1588559417325,"a748ee1a-1d0b-4ae9-9074-279a2b6ba524",6050307,44798,0,99,2147483647
623,1588561201191,"a748ee1a-1d0b-4ae9-9074-279a2b6ba524",6050307,44798,0,99,2147483647
624,1588562976936,"a748ee1a-1d0b-4ae9-9074-279a2b6ba524",6050307,44798,0,99,2147483647
625,1588564801556,"a748ee1a-1d0b-4ae9-9074-279a2b6ba524",6050307,44798,0,99,2147483647
626,1588566616431,"a748ee1a-1d0b-4ae9-9074-279a2b6ba524",6050307,44798,0,99,2147483647
627,1588566799972,"a748ee1a-1d0b-4ae9-9074-279a2b6ba524",199741455,44798,0,99,2147483647
628,1588566800327,"a748ee1a-1d0b-4ae9-9074-279a2b6ba524",-1,44798,0,99,2147483647
629,1588566803300,"a748ee1a-1d0b-4ae9-9074-279a2b6ba524",-1,21766,0,99,2147483647
630,1588566838911,"a748ee1a-1d0b-4ae9-9074-279a2b6ba524",-1,21766,0,99,2147483647
631,1588566851453,"a748ee1a-1d0b-4ae9-9074-279a2b6ba524",-1,-1,-1,99,2147483647
632,1588566879478,"a748ee1a-1d0b-4ae9-9074-279a2b6ba524",79104353,2607,336,99,2147483647
633,1588568478950,"a748ee1a-1d0b-4ae9-9074-279a2b6ba524",79104353,2607,336,99,2147483647
634,1588568607661,"a748ee1a-1d0b-4ae9-9074-279a2b6ba524",14493649,35097,257,99,2147483647
635,1588568658700,"a748ee1a-1d0b-4ae9-9074-279a2b6ba524",8690948,44798,0,99,2147483647
636,1588568979456,"a748ee1a-1d0b-4ae9-9074-279a2b6ba524",8690948,44798,0,99,2147483647
637,1588569011612,"a748ee1a-1d0b-4ae9-9074-279a2b6ba524",79104353,2607,336,99,2147483647
638,1588569741109,"a748ee1a-1d0b-4ae9-9074-279a2b6ba524",14493649,35097,257,99,2147483647
639,1588569900200,"a748ee1a-1d0b-4ae9-9074-279a2b6ba524",6050306,44798,0,99,2147483647
640,1588572803346,"a748ee1a-1d0b-4ae9-9074-279a2b6ba524",6050306,44798,0,99,2147483647
641,1588579260633,"a748ee1a-1d0b-4ae9-9074-279a2b6ba524",6050307,44798,0,99,2147483647
642,1588579505003,"a748ee1a-1d0b-4ae9-9074-279a2b6ba524",6050307,44798,0,99,2147483647
643,1588593429608,"a748ee1a-1d0b-4ae9-9074-279a2b6ba524",6050307,44798,0,99,2147483647
644,1588595202452,"a748ee1a-1d0b-4ae9-9074-279a2b6ba524",6050307,44798,0,99,2147483647
645,1588597004638,"a748ee1a-1d0b-4ae9-9074-279a2b6ba524",6050307,44798,0,99,2147483647
646,1588598864111,"a748ee1a-1d0b-4ae9-9074-279a2b6ba524",6050307,44798,0,99,2147483647
647,1588600692180,"a748ee1a-1d0b-4ae9-9074-279a2b6ba524",6050307,44798,0,99,2147483647
648,1588602494001,"a748ee1a-1d0b-4ae9-9074-279a2b6ba524",6050307,44798,0,99,2147483647
649,1588604310638,"a748ee1a-1d0b-4ae9-9074-279a2b6ba524",6050307,44798,0,99,2147483647
650,1588606110055,"a748ee1a-1d0b-4ae9-9074-279a2b6ba524",6050307,44798,0,99,2147483647
651,1588607913821,"a748ee1a-1d0b-4ae9-9074-279a2b6ba524",6050307,44798,0,99,2147483647
652,1588609709152,"a748ee1a-1d0b-4ae9-9074-279a2b6ba524",6050307,44798,0,99,2147483647
653,1588611539267,"a748ee1a-1d0b-4ae9-9074-279a2b6ba524",6050307,44798,0,99,2147483647
654,1588613341042,"a748ee1a-1d0b-4ae9-9074-279a2b6ba524",6050307,44798,0,99,2147483647
655,1588615138875,"a748ee1a-1d0b-4ae9-9074-279a2b6ba524",6050307,44798,0,99,2147483647
656,1588616942957,"a748ee1a-1d0b-4ae9-9074-279a2b6ba524",6050307,44798,0,99,2147483647
657,1588618744087,"a748ee1a-1d0b-4ae9-9074-279a2b6ba524",6050307,44798,0,99,2147483647
658,1588620517970,"a748ee1a-1d0b-4ae9-9074-279a2b6ba524",6050307,44798,0,99,2147483647
659,1588622298267,"a748ee1a-1d0b-4ae9-9074-279a2b6ba524",6050307,44798,0,99,2147483647
660,1588624085652,"a748ee1a-1d0b-4ae9-9074-279a2b6ba524",6050307,44798,0,99,2147483647
661,1588625911442,"a748ee1a-1d0b-4ae9-9074-279a2b6ba524",6050307,44798,0,99,2147483647
662,1588627681536,"a748ee1a-1d0b-4ae9-9074-279a2b6ba524",6050307,44798,0,99,2147483647
663,1588629488257,"a748ee1a-1d0b-4ae9-9074-279a2b6ba524",6050307,44798,0,99,2147483647
664,1588631335402,"a748ee1a-1d0b-4ae9-9074-279a2b6ba524",6050307,44798,0,99,2147483647
665,1588632490298,"a748ee1a-1d0b-4ae9-9074-279a2b6ba524",6050307,44798,0,99,2147483647
