"_id","timestamp","device_id","cid","lac","psc","signal_strength"
1,1587760003657,"a748ee1a-1d0b-4ae9-9074-279a2b6ba524",-1,-1,316,12
2,1587760003657,"a748ee1a-1d0b-4ae9-9074-279a2b6ba524",-1,-1,500,12
3,1587760003657,"a748ee1a-1d0b-4ae9-9074-279a2b6ba524",-1,-1,371,12
4,1587760003657,"a748ee1a-1d0b-4ae9-9074-279a2b6ba524",-1,-1,265,12
5,1587760003657,"a748ee1a-1d0b-4ae9-9074-279a2b6ba524",-1,-1,126,12
6,1587760003657,"a748ee1a-1d0b-4ae9-9074-279a2b6ba524",-1,-1,249,12
7,1587760003657,"a748ee1a-1d0b-4ae9-9074-279a2b6ba524",-1,-1,257,12
8,1587760768856,"a748ee1a-1d0b-4ae9-9074-279a2b6ba524",-1,-1,249,11
9,1587760768856,"a748ee1a-1d0b-4ae9-9074-279a2b6ba524",-1,-1,257,11
10,1587761781212,"a748ee1a-1d0b-4ae9-9074-279a2b6ba524",-1,-1,249,16
11,1587761781212,"a748ee1a-1d0b-4ae9-9074-279a2b6ba524",-1,-1,257,16
12,1587761781212,"a748ee1a-1d0b-4ae9-9074-279a2b6ba524",-1,-1,38,16
13,1587763561021,"a748ee1a-1d0b-4ae9-9074-279a2b6ba524",-1,-1,249,7
14,1587763561021,"a748ee1a-1d0b-4ae9-9074-279a2b6ba524",-1,-1,38,7
15,1587763561021,"a748ee1a-1d0b-4ae9-9074-279a2b6ba524",-1,-1,257,7
16,1587765361075,"a748ee1a-1d0b-4ae9-9074-279a2b6ba524",-1,-1,249,16
17,1587765361075,"a748ee1a-1d0b-4ae9-9074-279a2b6ba524",-1,-1,257,16
18,1587765361075,"a748ee1a-1d0b-4ae9-9074-279a2b6ba524",-1,-1,38,16
19,1587767160944,"a748ee1a-1d0b-4ae9-9074-279a2b6ba524",-1,-1,257,5
20,1587767160944,"a748ee1a-1d0b-4ae9-9074-279a2b6ba524",-1,-1,249,5
21,1587767160944,"a748ee1a-1d0b-4ae9-9074-279a2b6ba524",-1,-1,38,5
22,1587768982982,"a748ee1a-1d0b-4ae9-9074-279a2b6ba524",-1,-1,72,8
23,1587768982982,"a748ee1a-1d0b-4ae9-9074-279a2b6ba524",-1,-1,297,8
24,1587768982982,"a748ee1a-1d0b-4ae9-9074-279a2b6ba524",-1,-1,310,8
25,1587768982982,"a748ee1a-1d0b-4ae9-9074-279a2b6ba524",-1,-1,445,8
26,1587768982982,"a748ee1a-1d0b-4ae9-9074-279a2b6ba524",-1,-1,68,8
27,1587768982982,"a748ee1a-1d0b-4ae9-9074-279a2b6ba524",-1,-1,63,8
28,1587768982982,"a748ee1a-1d0b-4ae9-9074-279a2b6ba524",-1,-1,229,8
29,1587768982982,"a748ee1a-1d0b-4ae9-9074-279a2b6ba524",-1,-1,249,8
30,1587768982982,"a748ee1a-1d0b-4ae9-9074-279a2b6ba524",-1,-1,257,8
31,1587768982982,"a748ee1a-1d0b-4ae9-9074-279a2b6ba524",-1,-1,38,8
32,1587770809811,"a748ee1a-1d0b-4ae9-9074-279a2b6ba524",-1,-1,249,9
33,1587770809811,"a748ee1a-1d0b-4ae9-9074-279a2b6ba524",-1,-1,257,9
34,1587770809811,"a748ee1a-1d0b-4ae9-9074-279a2b6ba524",-1,-1,38,9
35,1587772666245,"a748ee1a-1d0b-4ae9-9074-279a2b6ba524",-1,-1,249,9
36,1587772666245,"a748ee1a-1d0b-4ae9-9074-279a2b6ba524",-1,-1,257,9
37,1587772666245,"a748ee1a-1d0b-4ae9-9074-279a2b6ba524",-1,-1,38,9
38,1587837771293,"a748ee1a-1d0b-4ae9-9074-279a2b6ba524",-1,-1,249,9
39,1587837771293,"a748ee1a-1d0b-4ae9-9074-279a2b6ba524",-1,-1,257,9
40,1587837771543,"a748ee1a-1d0b-4ae9-9074-279a2b6ba524",-1,-1,249,9
41,1587837771543,"a748ee1a-1d0b-4ae9-9074-279a2b6ba524",-1,-1,257,9
42,1587839175858,"a748ee1a-1d0b-4ae9-9074-279a2b6ba524",-1,-1,257,11
43,1587839175858,"a748ee1a-1d0b-4ae9-9074-279a2b6ba524",-1,-1,249,11
44,1587839175858,"a748ee1a-1d0b-4ae9-9074-279a2b6ba524",-1,-1,38,11
45,1587840984867,"a748ee1a-1d0b-4ae9-9074-279a2b6ba524",-1,-1,257,13
46,1587840984867,"a748ee1a-1d0b-4ae9-9074-279a2b6ba524",-1,-1,249,13
47,1587840984867,"a748ee1a-1d0b-4ae9-9074-279a2b6ba524",-1,-1,38,13
48,1587842876177,"a748ee1a-1d0b-4ae9-9074-279a2b6ba524",-1,-1,11,14
49,1587842876177,"a748ee1a-1d0b-4ae9-9074-279a2b6ba524",-1,-1,97,14
50,1587842876177,"a748ee1a-1d0b-4ae9-9074-279a2b6ba524",-1,-1,7,14
51,1587842876177,"a748ee1a-1d0b-4ae9-9074-279a2b6ba524",-1,-1,480,14
52,1587842876177,"a748ee1a-1d0b-4ae9-9074-279a2b6ba524",-1,-1,311,14
53,1587842876177,"a748ee1a-1d0b-4ae9-9074-279a2b6ba524",-1,-1,148,14
54,1587842876177,"a748ee1a-1d0b-4ae9-9074-279a2b6ba524",-1,-1,249,14
55,1587842876177,"a748ee1a-1d0b-4ae9-9074-279a2b6ba524",-1,-1,257,14
56,1587842876177,"a748ee1a-1d0b-4ae9-9074-279a2b6ba524",-1,-1,38,14
57,1587844982428,"a748ee1a-1d0b-4ae9-9074-279a2b6ba524",-1,-1,-1,0
58,1587844982428,"a748ee1a-1d0b-4ae9-9074-279a2b6ba524",-1,-1,-1,0
59,1587844982428,"a748ee1a-1d0b-4ae9-9074-279a2b6ba524",-1,-1,-1,0
60,1587846082426,"a748ee1a-1d0b-4ae9-9074-279a2b6ba524",-1,-1,249,8
61,1587846082426,"a748ee1a-1d0b-4ae9-9074-279a2b6ba524",-1,-1,257,8
62,1587846082426,"a748ee1a-1d0b-4ae9-9074-279a2b6ba524",-1,-1,38,8
63,1587846192179,"a748ee1a-1d0b-4ae9-9074-279a2b6ba524",-1,-1,393,11
64,1587846192179,"a748ee1a-1d0b-4ae9-9074-279a2b6ba524",-1,-1,425,11
65,1587846192179,"a748ee1a-1d0b-4ae9-9074-279a2b6ba524",-1,-1,430,11
66,1587846192179,"a748ee1a-1d0b-4ae9-9074-279a2b6ba524",-1,-1,213,11
67,1587846192179,"a748ee1a-1d0b-4ae9-9074-279a2b6ba524",-1,-1,435,11
68,1587846192179,"a748ee1a-1d0b-4ae9-9074-279a2b6ba524",-1,-1,325,11
69,1587846192179,"a748ee1a-1d0b-4ae9-9074-279a2b6ba524",-1,-1,249,11
70,1587846192179,"a748ee1a-1d0b-4ae9-9074-279a2b6ba524",-1,-1,257,11
71,1587846468011,"a748ee1a-1d0b-4ae9-9074-279a2b6ba524",-1,-1,249,9
72,1587846468011,"a748ee1a-1d0b-4ae9-9074-279a2b6ba524",-1,-1,257,9
73,1587846468011,"a748ee1a-1d0b-4ae9-9074-279a2b6ba524",-1,-1,38,9
74,1587848306893,"a748ee1a-1d0b-4ae9-9074-279a2b6ba524",-1,-1,249,14
75,1587848306893,"a748ee1a-1d0b-4ae9-9074-279a2b6ba524",-1,-1,257,14
76,1587850160204,"a748ee1a-1d0b-4ae9-9074-279a2b6ba524",-1,-1,257,13
77,1587850160204,"a748ee1a-1d0b-4ae9-9074-279a2b6ba524",-1,-1,249,13
78,1587851953274,"a748ee1a-1d0b-4ae9-9074-279a2b6ba524",-1,-1,153,8
79,1587851953274,"a748ee1a-1d0b-4ae9-9074-279a2b6ba524",-1,-1,211,8
80,1587851953274,"a748ee1a-1d0b-4ae9-9074-279a2b6ba524",-1,-1,249,8
81,1587851953274,"a748ee1a-1d0b-4ae9-9074-279a2b6ba524",-1,-1,257,8
82,1587852837307,"a748ee1a-1d0b-4ae9-9074-279a2b6ba524",-1,-1,257,9
83,1587852837307,"a748ee1a-1d0b-4ae9-9074-279a2b6ba524",-1,-1,249,9
84,1587852837307,"a748ee1a-1d0b-4ae9-9074-279a2b6ba524",-1,-1,38,9
85,1587853722889,"a748ee1a-1d0b-4ae9-9074-279a2b6ba524",-1,-1,249,17
86,1587853722889,"a748ee1a-1d0b-4ae9-9074-279a2b6ba524",-1,-1,257,17
87,1587855568954,"a748ee1a-1d0b-4ae9-9074-279a2b6ba524",-1,-1,249,18
88,1587855568954,"a748ee1a-1d0b-4ae9-9074-279a2b6ba524",-1,-1,257,18
89,1587855568954,"a748ee1a-1d0b-4ae9-9074-279a2b6ba524",-1,-1,38,18
90,1587857449005,"a748ee1a-1d0b-4ae9-9074-279a2b6ba524",-1,-1,257,16
91,1587857449005,"a748ee1a-1d0b-4ae9-9074-279a2b6ba524",-1,-1,249,16
92,1587857449005,"a748ee1a-1d0b-4ae9-9074-279a2b6ba524",-1,-1,38,16
93,1587859249081,"a748ee1a-1d0b-4ae9-9074-279a2b6ba524",-1,-1,257,10
94,1587861054989,"a748ee1a-1d0b-4ae9-9074-279a2b6ba524",-1,-1,257,15
95,1587861054989,"a748ee1a-1d0b-4ae9-9074-279a2b6ba524",-1,-1,249,15
96,1587861054989,"a748ee1a-1d0b-4ae9-9074-279a2b6ba524",-1,-1,38,15
97,1587863025759,"a748ee1a-1d0b-4ae9-9074-279a2b6ba524",-1,-1,167,17
98,1587863025759,"a748ee1a-1d0b-4ae9-9074-279a2b6ba524",-1,-1,257,17
99,1587863025759,"a748ee1a-1d0b-4ae9-9074-279a2b6ba524",-1,-1,249,17
100,1587867686422,"a748ee1a-1d0b-4ae9-9074-279a2b6ba524",-1,-1,257,16
101,1587867686422,"a748ee1a-1d0b-4ae9-9074-279a2b6ba524",-1,-1,249,16
102,1587867692470,"a748ee1a-1d0b-4ae9-9074-279a2b6ba524",-1,-1,257,16
103,1587867692470,"a748ee1a-1d0b-4ae9-9074-279a2b6ba524",-1,-1,249,16
104,1587867694684,"a748ee1a-1d0b-4ae9-9074-279a2b6ba524",-1,-1,257,16
105,1587867694684,"a748ee1a-1d0b-4ae9-9074-279a2b6ba524",-1,-1,249,16
106,1587873146872,"a748ee1a-1d0b-4ae9-9074-279a2b6ba524",-1,-1,257,10
107,1587873146872,"a748ee1a-1d0b-4ae9-9074-279a2b6ba524",-1,-1,249,10
108,1587873146872,"a748ee1a-1d0b-4ae9-9074-279a2b6ba524",-1,-1,38,10
109,1587874944999,"a748ee1a-1d0b-4ae9-9074-279a2b6ba524",-1,-1,249,12
110,1587874944999,"a748ee1a-1d0b-4ae9-9074-279a2b6ba524",-1,-1,38,12
111,1587874944999,"a748ee1a-1d0b-4ae9-9074-279a2b6ba524",-1,-1,257,12
112,1587876849448,"a748ee1a-1d0b-4ae9-9074-279a2b6ba524",-1,-1,249,13
113,1587876849448,"a748ee1a-1d0b-4ae9-9074-279a2b6ba524",-1,-1,38,13
114,1587876849448,"a748ee1a-1d0b-4ae9-9074-279a2b6ba524",-1,-1,257,13
115,1587885850499,"a748ee1a-1d0b-4ae9-9074-279a2b6ba524",-1,-1,198,9
116,1587885850499,"a748ee1a-1d0b-4ae9-9074-279a2b6ba524",-1,-1,179,9
117,1587885850499,"a748ee1a-1d0b-4ae9-9074-279a2b6ba524",-1,-1,395,9
118,1587885850499,"a748ee1a-1d0b-4ae9-9074-279a2b6ba524",-1,-1,78,9
119,1587885850499,"a748ee1a-1d0b-4ae9-9074-279a2b6ba524",-1,-1,103,9
120,1587885850499,"a748ee1a-1d0b-4ae9-9074-279a2b6ba524",-1,-1,216,9
121,1587885850499,"a748ee1a-1d0b-4ae9-9074-279a2b6ba524",-1,-1,68,9
122,1587885850499,"a748ee1a-1d0b-4ae9-9074-279a2b6ba524",-1,-1,373,9
123,1587885850499,"a748ee1a-1d0b-4ae9-9074-279a2b6ba524",-1,-1,257,9
124,1587885850499,"a748ee1a-1d0b-4ae9-9074-279a2b6ba524",-1,-1,249,9
125,1587887645350,"a748ee1a-1d0b-4ae9-9074-279a2b6ba524",-1,-1,53,9
126,1587887645350,"a748ee1a-1d0b-4ae9-9074-279a2b6ba524",-1,-1,140,9
127,1587887645350,"a748ee1a-1d0b-4ae9-9074-279a2b6ba524",-1,-1,186,9
128,1587887645350,"a748ee1a-1d0b-4ae9-9074-279a2b6ba524",-1,-1,92,9
129,1587887645350,"a748ee1a-1d0b-4ae9-9074-279a2b6ba524",-1,-1,182,9
130,1587887645350,"a748ee1a-1d0b-4ae9-9074-279a2b6ba524",-1,-1,165,9
131,1587887645350,"a748ee1a-1d0b-4ae9-9074-279a2b6ba524",-1,-1,62,9
132,1587887645350,"a748ee1a-1d0b-4ae9-9074-279a2b6ba524",-1,-1,251,9
133,1587887645350,"a748ee1a-1d0b-4ae9-9074-279a2b6ba524",-1,-1,257,9
134,1587887645350,"a748ee1a-1d0b-4ae9-9074-279a2b6ba524",-1,-1,249,9
135,1587889448936,"a748ee1a-1d0b-4ae9-9074-279a2b6ba524",-1,-1,163,9
136,1587889448936,"a748ee1a-1d0b-4ae9-9074-279a2b6ba524",-1,-1,198,9
137,1587889448936,"a748ee1a-1d0b-4ae9-9074-279a2b6ba524",-1,-1,46,9
138,1587889448936,"a748ee1a-1d0b-4ae9-9074-279a2b6ba524",-1,-1,208,9
139,1587889448936,"a748ee1a-1d0b-4ae9-9074-279a2b6ba524",-1,-1,508,9
140,1587889448936,"a748ee1a-1d0b-4ae9-9074-279a2b6ba524",-1,-1,380,9
141,1587889448936,"a748ee1a-1d0b-4ae9-9074-279a2b6ba524",-1,-1,257,9
142,1587889448936,"a748ee1a-1d0b-4ae9-9074-279a2b6ba524",-1,-1,249,9
143,1587891245305,"a748ee1a-1d0b-4ae9-9074-279a2b6ba524",-1,-1,10,9
144,1587891245305,"a748ee1a-1d0b-4ae9-9074-279a2b6ba524",-1,-1,146,9
145,1587891245305,"a748ee1a-1d0b-4ae9-9074-279a2b6ba524",-1,-1,490,9
146,1587891245305,"a748ee1a-1d0b-4ae9-9074-279a2b6ba524",-1,-1,47,9
147,1587891245305,"a748ee1a-1d0b-4ae9-9074-279a2b6ba524",-1,-1,178,9
148,1587891245305,"a748ee1a-1d0b-4ae9-9074-279a2b6ba524",-1,-1,332,9
149,1587891245305,"a748ee1a-1d0b-4ae9-9074-279a2b6ba524",-1,-1,22,9
150,1587891245305,"a748ee1a-1d0b-4ae9-9074-279a2b6ba524",-1,-1,429,9
151,1587891245305,"a748ee1a-1d0b-4ae9-9074-279a2b6ba524",-1,-1,257,9
152,1587891245305,"a748ee1a-1d0b-4ae9-9074-279a2b6ba524",-1,-1,249,9
153,1587893048363,"a748ee1a-1d0b-4ae9-9074-279a2b6ba524",-1,-1,124,10
154,1587893048363,"a748ee1a-1d0b-4ae9-9074-279a2b6ba524",-1,-1,37,10
155,1587893048363,"a748ee1a-1d0b-4ae9-9074-279a2b6ba524",-1,-1,146,10
156,1587893048363,"a748ee1a-1d0b-4ae9-9074-279a2b6ba524",-1,-1,257,10
157,1587893048363,"a748ee1a-1d0b-4ae9-9074-279a2b6ba524",-1,-1,249,10
158,1587894845459,"a748ee1a-1d0b-4ae9-9074-279a2b6ba524",-1,-1,244,9
159,1587894845459,"a748ee1a-1d0b-4ae9-9074-279a2b6ba524",-1,-1,116,9
160,1587894845459,"a748ee1a-1d0b-4ae9-9074-279a2b6ba524",-1,-1,296,9
161,1587894845459,"a748ee1a-1d0b-4ae9-9074-279a2b6ba524",-1,-1,377,9
162,1587894845459,"a748ee1a-1d0b-4ae9-9074-279a2b6ba524",-1,-1,309,9
163,1587894845459,"a748ee1a-1d0b-4ae9-9074-279a2b6ba524",-1,-1,89,9
164,1587894845459,"a748ee1a-1d0b-4ae9-9074-279a2b6ba524",-1,-1,435,9
165,1587894845459,"a748ee1a-1d0b-4ae9-9074-279a2b6ba524",-1,-1,365,9
166,1587894845459,"a748ee1a-1d0b-4ae9-9074-279a2b6ba524",-1,-1,257,9
167,1587894845459,"a748ee1a-1d0b-4ae9-9074-279a2b6ba524",-1,-1,249,9
168,1587894845459,"a748ee1a-1d0b-4ae9-9074-279a2b6ba524",-1,-1,38,9
169,1587896682164,"a748ee1a-1d0b-4ae9-9074-279a2b6ba524",-1,-1,406,8
170,1587896682164,"a748ee1a-1d0b-4ae9-9074-279a2b6ba524",-1,-1,136,8
171,1587896682164,"a748ee1a-1d0b-4ae9-9074-279a2b6ba524",-1,-1,450,8
172,1587896682164,"a748ee1a-1d0b-4ae9-9074-279a2b6ba524",-1,-1,363,8
173,1587896682164,"a748ee1a-1d0b-4ae9-9074-279a2b6ba524",-1,-1,257,8
174,1587896682164,"a748ee1a-1d0b-4ae9-9074-279a2b6ba524",-1,-1,249,8
175,1587896682164,"a748ee1a-1d0b-4ae9-9074-279a2b6ba524",-1,-1,38,8
176,1587898601245,"a748ee1a-1d0b-4ae9-9074-279a2b6ba524",-1,-1,498,9
177,1587898601245,"a748ee1a-1d0b-4ae9-9074-279a2b6ba524",-1,-1,205,9
178,1587898601245,"a748ee1a-1d0b-4ae9-9074-279a2b6ba524",-1,-1,218,9
179,1587898601245,"a748ee1a-1d0b-4ae9-9074-279a2b6ba524",-1,-1,322,9
180,1587898601245,"a748ee1a-1d0b-4ae9-9074-279a2b6ba524",-1,-1,26,9
181,1587898601245,"a748ee1a-1d0b-4ae9-9074-279a2b6ba524",-1,-1,215,9
182,1587898601245,"a748ee1a-1d0b-4ae9-9074-279a2b6ba524",-1,-1,11,9
183,1587898601245,"a748ee1a-1d0b-4ae9-9074-279a2b6ba524",-1,-1,148,9
184,1587898601245,"a748ee1a-1d0b-4ae9-9074-279a2b6ba524",-1,-1,257,9
185,1587898601245,"a748ee1a-1d0b-4ae9-9074-279a2b6ba524",-1,-1,249,9
186,1587898601245,"a748ee1a-1d0b-4ae9-9074-279a2b6ba524",-1,-1,38,9
187,1587900403178,"a748ee1a-1d0b-4ae9-9074-279a2b6ba524",-1,-1,29,8
188,1587900403178,"a748ee1a-1d0b-4ae9-9074-279a2b6ba524",-1,-1,61,8
189,1587900403178,"a748ee1a-1d0b-4ae9-9074-279a2b6ba524",-1,-1,220,8
190,1587900403178,"a748ee1a-1d0b-4ae9-9074-279a2b6ba524",-1,-1,185,8
191,1587900403178,"a748ee1a-1d0b-4ae9-9074-279a2b6ba524",-1,-1,222,8
192,1587900403178,"a748ee1a-1d0b-4ae9-9074-279a2b6ba524",-1,-1,348,8
193,1587900403178,"a748ee1a-1d0b-4ae9-9074-279a2b6ba524",-1,-1,443,8
194,1587900403178,"a748ee1a-1d0b-4ae9-9074-279a2b6ba524",-1,-1,391,8
195,1587900403178,"a748ee1a-1d0b-4ae9-9074-279a2b6ba524",-1,-1,257,8
196,1587900403178,"a748ee1a-1d0b-4ae9-9074-279a2b6ba524",-1,-1,249,8
197,1587900403178,"a748ee1a-1d0b-4ae9-9074-279a2b6ba524",-1,-1,38,8
198,1587902201414,"a748ee1a-1d0b-4ae9-9074-279a2b6ba524",-1,-1,71,9
199,1587902201414,"a748ee1a-1d0b-4ae9-9074-279a2b6ba524",-1,-1,257,9
200,1587902201414,"a748ee1a-1d0b-4ae9-9074-279a2b6ba524",-1,-1,249,9
201,1587902201414,"a748ee1a-1d0b-4ae9-9074-279a2b6ba524",-1,-1,38,9
202,1587903976810,"a748ee1a-1d0b-4ae9-9074-279a2b6ba524",-1,-1,146,9
203,1587903976810,"a748ee1a-1d0b-4ae9-9074-279a2b6ba524",-1,-1,13,9
204,1587903976810,"a748ee1a-1d0b-4ae9-9074-279a2b6ba524",-1,-1,218,9
205,1587903976810,"a748ee1a-1d0b-4ae9-9074-279a2b6ba524",-1,-1,24,9
206,1587903976810,"a748ee1a-1d0b-4ae9-9074-279a2b6ba524",-1,-1,297,9
207,1587903976810,"a748ee1a-1d0b-4ae9-9074-279a2b6ba524",-1,-1,311,9
208,1587903976810,"a748ee1a-1d0b-4ae9-9074-279a2b6ba524",-1,-1,257,9
209,1587903976810,"a748ee1a-1d0b-4ae9-9074-279a2b6ba524",-1,-1,249,9
210,1587903976810,"a748ee1a-1d0b-4ae9-9074-279a2b6ba524",-1,-1,38,9
211,1587905801265,"a748ee1a-1d0b-4ae9-9074-279a2b6ba524",-1,-1,257,9
212,1587905801265,"a748ee1a-1d0b-4ae9-9074-279a2b6ba524",-1,-1,249,9
213,1587905801265,"a748ee1a-1d0b-4ae9-9074-279a2b6ba524",-1,-1,38,9
214,1587907603209,"a748ee1a-1d0b-4ae9-9074-279a2b6ba524",-1,-1,199,9
215,1587907603209,"a748ee1a-1d0b-4ae9-9074-279a2b6ba524",-1,-1,488,9
216,1587907603209,"a748ee1a-1d0b-4ae9-9074-279a2b6ba524",-1,-1,354,9
217,1587907603209,"a748ee1a-1d0b-4ae9-9074-279a2b6ba524",-1,-1,407,9
218,1587907603209,"a748ee1a-1d0b-4ae9-9074-279a2b6ba524",-1,-1,20,9
219,1587907603209,"a748ee1a-1d0b-4ae9-9074-279a2b6ba524",-1,-1,143,9
220,1587907603209,"a748ee1a-1d0b-4ae9-9074-279a2b6ba524",-1,-1,257,9
221,1587907603209,"a748ee1a-1d0b-4ae9-9074-279a2b6ba524",-1,-1,249,9
222,1587907603209,"a748ee1a-1d0b-4ae9-9074-279a2b6ba524",-1,-1,38,9
223,1587909421025,"a748ee1a-1d0b-4ae9-9074-279a2b6ba524",-1,-1,508,12
224,1587909421025,"a748ee1a-1d0b-4ae9-9074-279a2b6ba524",-1,-1,447,12
225,1587909421025,"a748ee1a-1d0b-4ae9-9074-279a2b6ba524",-1,-1,153,12
226,1587909421025,"a748ee1a-1d0b-4ae9-9074-279a2b6ba524",-1,-1,140,12
227,1587909421025,"a748ee1a-1d0b-4ae9-9074-279a2b6ba524",-1,-1,252,12
228,1587909421025,"a748ee1a-1d0b-4ae9-9074-279a2b6ba524",-1,-1,145,12
229,1587909421025,"a748ee1a-1d0b-4ae9-9074-279a2b6ba524",-1,-1,79,12
230,1587909421025,"a748ee1a-1d0b-4ae9-9074-279a2b6ba524",-1,-1,257,12
231,1587909421025,"a748ee1a-1d0b-4ae9-9074-279a2b6ba524",-1,-1,249,12
232,1587911254285,"a748ee1a-1d0b-4ae9-9074-279a2b6ba524",-1,-1,257,12
233,1587911254285,"a748ee1a-1d0b-4ae9-9074-279a2b6ba524",-1,-1,249,12
234,1587911254285,"a748ee1a-1d0b-4ae9-9074-279a2b6ba524",-1,-1,38,12
235,1587915002271,"a748ee1a-1d0b-4ae9-9074-279a2b6ba524",-1,-1,257,8
236,1587915002271,"a748ee1a-1d0b-4ae9-9074-279a2b6ba524",-1,-1,249,8
237,1587915002271,"a748ee1a-1d0b-4ae9-9074-279a2b6ba524",-1,-1,38,8
238,1587916572065,"a748ee1a-1d0b-4ae9-9074-279a2b6ba524",-1,-1,38,12
239,1587916572065,"a748ee1a-1d0b-4ae9-9074-279a2b6ba524",-1,-1,249,12
240,1587916572065,"a748ee1a-1d0b-4ae9-9074-279a2b6ba524",-1,-1,257,12
241,1587916808599,"a748ee1a-1d0b-4ae9-9074-279a2b6ba524",-1,-1,38,13
242,1587916808599,"a748ee1a-1d0b-4ae9-9074-279a2b6ba524",-1,-1,249,13
243,1587916808599,"a748ee1a-1d0b-4ae9-9074-279a2b6ba524",-1,-1,257,13
244,1587918616983,"a748ee1a-1d0b-4ae9-9074-279a2b6ba524",-1,-1,257,31
245,1587918616983,"a748ee1a-1d0b-4ae9-9074-279a2b6ba524",-1,-1,249,31
246,1587918616983,"a748ee1a-1d0b-4ae9-9074-279a2b6ba524",-1,-1,38,31
247,1587920401245,"a748ee1a-1d0b-4ae9-9074-279a2b6ba524",-1,-1,382,17
248,1587920401245,"a748ee1a-1d0b-4ae9-9074-279a2b6ba524",-1,-1,294,17
249,1587920401245,"a748ee1a-1d0b-4ae9-9074-279a2b6ba524",-1,-1,345,17
250,1587920401245,"a748ee1a-1d0b-4ae9-9074-279a2b6ba524",-1,-1,253,17
251,1587920401245,"a748ee1a-1d0b-4ae9-9074-279a2b6ba524",-1,-1,249,17
252,1587920401245,"a748ee1a-1d0b-4ae9-9074-279a2b6ba524",-1,-1,257,17
253,1587920401245,"a748ee1a-1d0b-4ae9-9074-279a2b6ba524",-1,-1,38,17
254,1587922215963,"a748ee1a-1d0b-4ae9-9074-279a2b6ba524",-1,-1,485,14
255,1587922215963,"a748ee1a-1d0b-4ae9-9074-279a2b6ba524",-1,-1,249,14
256,1587924023870,"a748ee1a-1d0b-4ae9-9074-279a2b6ba524",-1,-1,257,15
257,1587924023870,"a748ee1a-1d0b-4ae9-9074-279a2b6ba524",-1,-1,249,15
258,1587927661234,"a748ee1a-1d0b-4ae9-9074-279a2b6ba524",-1,-1,257,13
259,1587927661234,"a748ee1a-1d0b-4ae9-9074-279a2b6ba524",-1,-1,249,13
260,1587927661234,"a748ee1a-1d0b-4ae9-9074-279a2b6ba524",-1,-1,38,13
261,1587929496425,"a748ee1a-1d0b-4ae9-9074-279a2b6ba524",-1,-1,257,13
262,1587929496425,"a748ee1a-1d0b-4ae9-9074-279a2b6ba524",-1,-1,249,13
263,1587931343694,"a748ee1a-1d0b-4ae9-9074-279a2b6ba524",-1,-1,257,13
264,1587931343694,"a748ee1a-1d0b-4ae9-9074-279a2b6ba524",-1,-1,249,13
265,1587931343694,"a748ee1a-1d0b-4ae9-9074-279a2b6ba524",-1,-1,38,13
266,1587933140015,"a748ee1a-1d0b-4ae9-9074-279a2b6ba524",-1,-1,249,12
267,1587933140015,"a748ee1a-1d0b-4ae9-9074-279a2b6ba524",-1,-1,257,12
268,1587934923740,"a748ee1a-1d0b-4ae9-9074-279a2b6ba524",-1,-1,257,13
269,1587934923740,"a748ee1a-1d0b-4ae9-9074-279a2b6ba524",-1,-1,249,13
270,1587936732040,"a748ee1a-1d0b-4ae9-9074-279a2b6ba524",-1,-1,257,12
271,1587936732040,"a748ee1a-1d0b-4ae9-9074-279a2b6ba524",-1,-1,38,12
272,1587936732040,"a748ee1a-1d0b-4ae9-9074-279a2b6ba524",-1,-1,249,12
273,1587938619466,"a748ee1a-1d0b-4ae9-9074-279a2b6ba524",-1,-1,249,11
274,1587938619466,"a748ee1a-1d0b-4ae9-9074-279a2b6ba524",-1,-1,38,11
275,1587938619466,"a748ee1a-1d0b-4ae9-9074-279a2b6ba524",-1,-1,257,11
276,1588041168041,"a748ee1a-1d0b-4ae9-9074-279a2b6ba524",-1,-1,257,9
277,1588041168041,"a748ee1a-1d0b-4ae9-9074-279a2b6ba524",-1,-1,38,9
278,1588041168041,"a748ee1a-1d0b-4ae9-9074-279a2b6ba524",-1,-1,249,9
279,1588042273561,"a748ee1a-1d0b-4ae9-9074-279a2b6ba524",-1,-1,257,14
280,1588042273561,"a748ee1a-1d0b-4ae9-9074-279a2b6ba524",-1,-1,249,14
281,1588042494527,"a748ee1a-1d0b-4ae9-9074-279a2b6ba524",-1,-1,257,7
282,1588042494527,"a748ee1a-1d0b-4ae9-9074-279a2b6ba524",-1,-1,249,7
283,1588042494527,"a748ee1a-1d0b-4ae9-9074-279a2b6ba524",-1,-1,38,7
284,1588118663968,"a748ee1a-1d0b-4ae9-9074-279a2b6ba524",-1,-1,249,8
285,1588118663968,"a748ee1a-1d0b-4ae9-9074-279a2b6ba524",-1,-1,257,8
286,1588118663968,"a748ee1a-1d0b-4ae9-9074-279a2b6ba524",-1,-1,38,8
287,1588120450573,"a748ee1a-1d0b-4ae9-9074-279a2b6ba524",-1,-1,405,11
288,1588120450573,"a748ee1a-1d0b-4ae9-9074-279a2b6ba524",-1,-1,415,11
289,1588120450573,"a748ee1a-1d0b-4ae9-9074-279a2b6ba524",-1,-1,14,11
290,1588120450573,"a748ee1a-1d0b-4ae9-9074-279a2b6ba524",-1,-1,226,11
291,1588120450573,"a748ee1a-1d0b-4ae9-9074-279a2b6ba524",-1,-1,33,11
292,1588120450573,"a748ee1a-1d0b-4ae9-9074-279a2b6ba524",-1,-1,308,11
293,1588120450573,"a748ee1a-1d0b-4ae9-9074-279a2b6ba524",-1,-1,471,11
294,1588120450573,"a748ee1a-1d0b-4ae9-9074-279a2b6ba524",-1,-1,458,11
295,1588120450573,"a748ee1a-1d0b-4ae9-9074-279a2b6ba524",-1,-1,249,11
296,1588120450573,"a748ee1a-1d0b-4ae9-9074-279a2b6ba524",-1,-1,257,11
297,1588120450573,"a748ee1a-1d0b-4ae9-9074-279a2b6ba524",-1,-1,38,11
298,1588121691162,"a748ee1a-1d0b-4ae9-9074-279a2b6ba524",-1,-1,390,14
299,1588121691162,"a748ee1a-1d0b-4ae9-9074-279a2b6ba524",-1,-1,510,14
300,1588121691162,"a748ee1a-1d0b-4ae9-9074-279a2b6ba524",-1,-1,439,14
301,1588121691162,"a748ee1a-1d0b-4ae9-9074-279a2b6ba524",-1,-1,463,14
302,1588121691162,"a748ee1a-1d0b-4ae9-9074-279a2b6ba524",-1,-1,114,14
303,1588121691162,"a748ee1a-1d0b-4ae9-9074-279a2b6ba524",-1,-1,88,14
304,1588121691162,"a748ee1a-1d0b-4ae9-9074-279a2b6ba524",-1,-1,71,14
305,1588121691162,"a748ee1a-1d0b-4ae9-9074-279a2b6ba524",-1,-1,249,14
306,1588121691162,"a748ee1a-1d0b-4ae9-9074-279a2b6ba524",-1,-1,257,14
307,1588122268058,"a748ee1a-1d0b-4ae9-9074-279a2b6ba524",-1,-1,249,10
308,1588122268058,"a748ee1a-1d0b-4ae9-9074-279a2b6ba524",-1,-1,257,10
309,1588124050089,"a748ee1a-1d0b-4ae9-9074-279a2b6ba524",-1,-1,257,9
310,1588124050089,"a748ee1a-1d0b-4ae9-9074-279a2b6ba524",-1,-1,249,9
311,1588124050089,"a748ee1a-1d0b-4ae9-9074-279a2b6ba524",-1,-1,38,9
312,1588126035313,"a748ee1a-1d0b-4ae9-9074-279a2b6ba524",-1,-1,257,10
313,1588126035313,"a748ee1a-1d0b-4ae9-9074-279a2b6ba524",-1,-1,249,10
314,1588126035313,"a748ee1a-1d0b-4ae9-9074-279a2b6ba524",-1,-1,38,10
315,1588127843815,"a748ee1a-1d0b-4ae9-9074-279a2b6ba524",-1,-1,249,16
316,1588127843815,"a748ee1a-1d0b-4ae9-9074-279a2b6ba524",-1,-1,257,16
317,1588127843815,"a748ee1a-1d0b-4ae9-9074-279a2b6ba524",-1,-1,38,16
318,1588129641984,"a748ee1a-1d0b-4ae9-9074-279a2b6ba524",-1,-1,257,18
319,1588129641984,"a748ee1a-1d0b-4ae9-9074-279a2b6ba524",-1,-1,249,18
320,1588129641984,"a748ee1a-1d0b-4ae9-9074-279a2b6ba524",-1,-1,38,18
321,1588131469287,"a748ee1a-1d0b-4ae9-9074-279a2b6ba524",-1,-1,9,17
322,1588131469287,"a748ee1a-1d0b-4ae9-9074-279a2b6ba524",-1,-1,52,17
323,1588131469287,"a748ee1a-1d0b-4ae9-9074-279a2b6ba524",-1,-1,90,17
324,1588131469287,"a748ee1a-1d0b-4ae9-9074-279a2b6ba524",-1,-1,272,17
325,1588131469287,"a748ee1a-1d0b-4ae9-9074-279a2b6ba524",-1,-1,74,17
326,1588131469287,"a748ee1a-1d0b-4ae9-9074-279a2b6ba524",-1,-1,72,17
327,1588131469287,"a748ee1a-1d0b-4ae9-9074-279a2b6ba524",-1,-1,458,17
328,1588131469287,"a748ee1a-1d0b-4ae9-9074-279a2b6ba524",-1,-1,96,17
329,1588131469287,"a748ee1a-1d0b-4ae9-9074-279a2b6ba524",-1,-1,257,17
330,1588131469287,"a748ee1a-1d0b-4ae9-9074-279a2b6ba524",-1,-1,38,17
331,1588131469287,"a748ee1a-1d0b-4ae9-9074-279a2b6ba524",-1,-1,249,17
332,1588135045537,"a748ee1a-1d0b-4ae9-9074-279a2b6ba524",-1,-1,257,15
333,1588135045537,"a748ee1a-1d0b-4ae9-9074-279a2b6ba524",-1,-1,38,15
334,1588135045537,"a748ee1a-1d0b-4ae9-9074-279a2b6ba524",-1,-1,249,15
335,1588136824998,"a748ee1a-1d0b-4ae9-9074-279a2b6ba524",-1,-1,496,17
336,1588136824998,"a748ee1a-1d0b-4ae9-9074-279a2b6ba524",-1,-1,235,17
337,1588136824998,"a748ee1a-1d0b-4ae9-9074-279a2b6ba524",-1,-1,99,17
338,1588136824998,"a748ee1a-1d0b-4ae9-9074-279a2b6ba524",-1,-1,459,17
339,1588136824998,"a748ee1a-1d0b-4ae9-9074-279a2b6ba524",-1,-1,466,17
340,1588136824998,"a748ee1a-1d0b-4ae9-9074-279a2b6ba524",-1,-1,257,17
341,1588136824998,"a748ee1a-1d0b-4ae9-9074-279a2b6ba524",-1,-1,38,17
342,1588136824998,"a748ee1a-1d0b-4ae9-9074-279a2b6ba524",-1,-1,249,17
343,1588138646099,"a748ee1a-1d0b-4ae9-9074-279a2b6ba524",-1,-1,363,16
344,1588138646099,"a748ee1a-1d0b-4ae9-9074-279a2b6ba524",-1,-1,330,16
345,1588138646099,"a748ee1a-1d0b-4ae9-9074-279a2b6ba524",-1,-1,125,16
346,1588138646099,"a748ee1a-1d0b-4ae9-9074-279a2b6ba524",-1,-1,121,16
347,1588138646099,"a748ee1a-1d0b-4ae9-9074-279a2b6ba524",-1,-1,49,16
348,1588138646099,"a748ee1a-1d0b-4ae9-9074-279a2b6ba524",-1,-1,6,16
349,1588138646099,"a748ee1a-1d0b-4ae9-9074-279a2b6ba524",-1,-1,401,16
350,1588138646099,"a748ee1a-1d0b-4ae9-9074-279a2b6ba524",-1,-1,460,16
351,1588138646099,"a748ee1a-1d0b-4ae9-9074-279a2b6ba524",-1,-1,257,16
352,1588138646099,"a748ee1a-1d0b-4ae9-9074-279a2b6ba524",-1,-1,38,16
353,1588138646099,"a748ee1a-1d0b-4ae9-9074-279a2b6ba524",-1,-1,249,16
354,1588140417409,"a748ee1a-1d0b-4ae9-9074-279a2b6ba524",-1,-1,323,18
355,1588140417409,"a748ee1a-1d0b-4ae9-9074-279a2b6ba524",-1,-1,447,18
356,1588140417409,"a748ee1a-1d0b-4ae9-9074-279a2b6ba524",-1,-1,302,18
357,1588140417409,"a748ee1a-1d0b-4ae9-9074-279a2b6ba524",-1,-1,209,18
358,1588140417409,"a748ee1a-1d0b-4ae9-9074-279a2b6ba524",-1,-1,249,18
359,1588140417409,"a748ee1a-1d0b-4ae9-9074-279a2b6ba524",-1,-1,257,18
360,1588140417409,"a748ee1a-1d0b-4ae9-9074-279a2b6ba524",-1,-1,38,18
361,1588142246688,"a748ee1a-1d0b-4ae9-9074-279a2b6ba524",-1,-1,429,17
362,1588142246688,"a748ee1a-1d0b-4ae9-9074-279a2b6ba524",-1,-1,246,17
363,1588142246688,"a748ee1a-1d0b-4ae9-9074-279a2b6ba524",-1,-1,103,17
364,1588142246688,"a748ee1a-1d0b-4ae9-9074-279a2b6ba524",-1,-1,407,17
365,1588142246688,"a748ee1a-1d0b-4ae9-9074-279a2b6ba524",-1,-1,13,17
366,1588142246688,"a748ee1a-1d0b-4ae9-9074-279a2b6ba524",-1,-1,1,17
367,1588142246688,"a748ee1a-1d0b-4ae9-9074-279a2b6ba524",-1,-1,224,17
368,1588142246688,"a748ee1a-1d0b-4ae9-9074-279a2b6ba524",-1,-1,84,17
369,1588142246688,"a748ee1a-1d0b-4ae9-9074-279a2b6ba524",-1,-1,257,17
370,1588142246688,"a748ee1a-1d0b-4ae9-9074-279a2b6ba524",-1,-1,249,17
371,1588142246688,"a748ee1a-1d0b-4ae9-9074-279a2b6ba524",-1,-1,38,17
372,1588144048642,"a748ee1a-1d0b-4ae9-9074-279a2b6ba524",-1,-1,485,17
373,1588144048642,"a748ee1a-1d0b-4ae9-9074-279a2b6ba524",-1,-1,494,17
374,1588144048642,"a748ee1a-1d0b-4ae9-9074-279a2b6ba524",-1,-1,407,17
375,1588144048642,"a748ee1a-1d0b-4ae9-9074-279a2b6ba524",-1,-1,445,17
376,1588144048642,"a748ee1a-1d0b-4ae9-9074-279a2b6ba524",-1,-1,394,17
377,1588144048642,"a748ee1a-1d0b-4ae9-9074-279a2b6ba524",-1,-1,487,17
378,1588144048642,"a748ee1a-1d0b-4ae9-9074-279a2b6ba524",-1,-1,25,17
379,1588144048642,"a748ee1a-1d0b-4ae9-9074-279a2b6ba524",-1,-1,182,17
380,1588144048642,"a748ee1a-1d0b-4ae9-9074-279a2b6ba524",-1,-1,38,17
381,1588144048642,"a748ee1a-1d0b-4ae9-9074-279a2b6ba524",-1,-1,249,17
382,1588144048642,"a748ee1a-1d0b-4ae9-9074-279a2b6ba524",-1,-1,257,17
383,1588145851009,"a748ee1a-1d0b-4ae9-9074-279a2b6ba524",-1,-1,301,16
384,1588145851009,"a748ee1a-1d0b-4ae9-9074-279a2b6ba524",-1,-1,341,16
385,1588145851009,"a748ee1a-1d0b-4ae9-9074-279a2b6ba524",-1,-1,145,16
386,1588145851009,"a748ee1a-1d0b-4ae9-9074-279a2b6ba524",-1,-1,336,16
387,1588145851009,"a748ee1a-1d0b-4ae9-9074-279a2b6ba524",-1,-1,176,16
388,1588145851009,"a748ee1a-1d0b-4ae9-9074-279a2b6ba524",-1,-1,170,16
389,1588145851009,"a748ee1a-1d0b-4ae9-9074-279a2b6ba524",-1,-1,445,16
390,1588145851009,"a748ee1a-1d0b-4ae9-9074-279a2b6ba524",-1,-1,293,16
391,1588145851009,"a748ee1a-1d0b-4ae9-9074-279a2b6ba524",-1,-1,257,16
392,1588145851009,"a748ee1a-1d0b-4ae9-9074-279a2b6ba524",-1,-1,38,16
393,1588145851009,"a748ee1a-1d0b-4ae9-9074-279a2b6ba524",-1,-1,249,16
394,1588147727863,"a748ee1a-1d0b-4ae9-9074-279a2b6ba524",-1,-1,13,17
395,1588147727863,"a748ee1a-1d0b-4ae9-9074-279a2b6ba524",-1,-1,157,17
396,1588147727863,"a748ee1a-1d0b-4ae9-9074-279a2b6ba524",-1,-1,510,17
397,1588147727863,"a748ee1a-1d0b-4ae9-9074-279a2b6ba524",-1,-1,111,17
398,1588147727863,"a748ee1a-1d0b-4ae9-9074-279a2b6ba524",-1,-1,213,17
399,1588147727863,"a748ee1a-1d0b-4ae9-9074-279a2b6ba524",-1,-1,53,17
400,1588147727863,"a748ee1a-1d0b-4ae9-9074-279a2b6ba524",-1,-1,485,17
401,1588147727863,"a748ee1a-1d0b-4ae9-9074-279a2b6ba524",-1,-1,175,17
402,1588147727863,"a748ee1a-1d0b-4ae9-9074-279a2b6ba524",-1,-1,257,17
403,1588147727863,"a748ee1a-1d0b-4ae9-9074-279a2b6ba524",-1,-1,38,17
404,1588147727863,"a748ee1a-1d0b-4ae9-9074-279a2b6ba524",-1,-1,249,17
405,1588149528104,"a748ee1a-1d0b-4ae9-9074-279a2b6ba524",-1,-1,341,17
406,1588149528104,"a748ee1a-1d0b-4ae9-9074-279a2b6ba524",-1,-1,221,17
407,1588149528104,"a748ee1a-1d0b-4ae9-9074-279a2b6ba524",-1,-1,237,17
408,1588149528104,"a748ee1a-1d0b-4ae9-9074-279a2b6ba524",-1,-1,301,17
409,1588149528104,"a748ee1a-1d0b-4ae9-9074-279a2b6ba524",-1,-1,432,17
410,1588149528104,"a748ee1a-1d0b-4ae9-9074-279a2b6ba524",-1,-1,2,17
411,1588149528104,"a748ee1a-1d0b-4ae9-9074-279a2b6ba524",-1,-1,316,17
412,1588149528104,"a748ee1a-1d0b-4ae9-9074-279a2b6ba524",-1,-1,471,17
413,1588149528104,"a748ee1a-1d0b-4ae9-9074-279a2b6ba524",-1,-1,257,17
414,1588149528104,"a748ee1a-1d0b-4ae9-9074-279a2b6ba524",-1,-1,249,17
415,1588149528104,"a748ee1a-1d0b-4ae9-9074-279a2b6ba524",-1,-1,38,17
416,1588151345420,"a748ee1a-1d0b-4ae9-9074-279a2b6ba524",-1,-1,353,16
417,1588151345420,"a748ee1a-1d0b-4ae9-9074-279a2b6ba524",-1,-1,492,16
418,1588151345420,"a748ee1a-1d0b-4ae9-9074-279a2b6ba524",-1,-1,12,16
419,1588151345420,"a748ee1a-1d0b-4ae9-9074-279a2b6ba524",-1,-1,13,16
420,1588151345420,"a748ee1a-1d0b-4ae9-9074-279a2b6ba524",-1,-1,373,16
421,1588151345420,"a748ee1a-1d0b-4ae9-9074-279a2b6ba524",-1,-1,316,16
422,1588151345420,"a748ee1a-1d0b-4ae9-9074-279a2b6ba524",-1,-1,354,16
423,1588151345420,"a748ee1a-1d0b-4ae9-9074-279a2b6ba524",-1,-1,18,16
424,1588151345420,"a748ee1a-1d0b-4ae9-9074-279a2b6ba524",-1,-1,257,16
425,1588151345420,"a748ee1a-1d0b-4ae9-9074-279a2b6ba524",-1,-1,38,16
426,1588151345420,"a748ee1a-1d0b-4ae9-9074-279a2b6ba524",-1,-1,249,16
427,1588153128091,"a748ee1a-1d0b-4ae9-9074-279a2b6ba524",-1,-1,54,17
428,1588153128091,"a748ee1a-1d0b-4ae9-9074-279a2b6ba524",-1,-1,108,17
429,1588153128091,"a748ee1a-1d0b-4ae9-9074-279a2b6ba524",-1,-1,457,17
430,1588153128091,"a748ee1a-1d0b-4ae9-9074-279a2b6ba524",-1,-1,395,17
431,1588153128091,"a748ee1a-1d0b-4ae9-9074-279a2b6ba524",-1,-1,170,17
432,1588153128091,"a748ee1a-1d0b-4ae9-9074-279a2b6ba524",-1,-1,227,17
433,1588153128091,"a748ee1a-1d0b-4ae9-9074-279a2b6ba524",-1,-1,21,17
434,1588153128091,"a748ee1a-1d0b-4ae9-9074-279a2b6ba524",-1,-1,299,17
435,1588153128091,"a748ee1a-1d0b-4ae9-9074-279a2b6ba524",-1,-1,257,17
436,1588153128091,"a748ee1a-1d0b-4ae9-9074-279a2b6ba524",-1,-1,38,17
437,1588153128091,"a748ee1a-1d0b-4ae9-9074-279a2b6ba524",-1,-1,249,17
438,1588154945352,"a748ee1a-1d0b-4ae9-9074-279a2b6ba524",-1,-1,460,15
439,1588154945352,"a748ee1a-1d0b-4ae9-9074-279a2b6ba524",-1,-1,474,15
440,1588154945352,"a748ee1a-1d0b-4ae9-9074-279a2b6ba524",-1,-1,457,15
441,1588154945352,"a748ee1a-1d0b-4ae9-9074-279a2b6ba524",-1,-1,271,15
442,1588154945352,"a748ee1a-1d0b-4ae9-9074-279a2b6ba524",-1,-1,258,15
443,1588154945352,"a748ee1a-1d0b-4ae9-9074-279a2b6ba524",-1,-1,257,15
444,1588154945352,"a748ee1a-1d0b-4ae9-9074-279a2b6ba524",-1,-1,38,15
445,1588154945352,"a748ee1a-1d0b-4ae9-9074-279a2b6ba524",-1,-1,249,15
446,1588156755085,"a748ee1a-1d0b-4ae9-9074-279a2b6ba524",-1,-1,22,20
447,1588156755085,"a748ee1a-1d0b-4ae9-9074-279a2b6ba524",-1,-1,224,20
448,1588156755085,"a748ee1a-1d0b-4ae9-9074-279a2b6ba524",-1,-1,486,20
449,1588156755085,"a748ee1a-1d0b-4ae9-9074-279a2b6ba524",-1,-1,159,20
450,1588156755085,"a748ee1a-1d0b-4ae9-9074-279a2b6ba524",-1,-1,310,20
451,1588156755085,"a748ee1a-1d0b-4ae9-9074-279a2b6ba524",-1,-1,161,20
452,1588156755085,"a748ee1a-1d0b-4ae9-9074-279a2b6ba524",-1,-1,121,20
453,1588156755085,"a748ee1a-1d0b-4ae9-9074-279a2b6ba524",-1,-1,438,20
454,1588156755085,"a748ee1a-1d0b-4ae9-9074-279a2b6ba524",-1,-1,257,20
455,1588156755085,"a748ee1a-1d0b-4ae9-9074-279a2b6ba524",-1,-1,249,20
456,1588156755085,"a748ee1a-1d0b-4ae9-9074-279a2b6ba524",-1,-1,38,20
457,1588158557027,"a748ee1a-1d0b-4ae9-9074-279a2b6ba524",-1,-1,232,17
458,1588158557027,"a748ee1a-1d0b-4ae9-9074-279a2b6ba524",-1,-1,145,17
459,1588158557027,"a748ee1a-1d0b-4ae9-9074-279a2b6ba524",-1,-1,319,17
460,1588158557027,"a748ee1a-1d0b-4ae9-9074-279a2b6ba524",-1,-1,67,17
461,1588158557027,"a748ee1a-1d0b-4ae9-9074-279a2b6ba524",-1,-1,456,17
462,1588158557027,"a748ee1a-1d0b-4ae9-9074-279a2b6ba524",-1,-1,85,17
463,1588158557027,"a748ee1a-1d0b-4ae9-9074-279a2b6ba524",-1,-1,69,17
464,1588158557027,"a748ee1a-1d0b-4ae9-9074-279a2b6ba524",-1,-1,61,17
465,1588158557027,"a748ee1a-1d0b-4ae9-9074-279a2b6ba524",-1,-1,249,17
466,1588158557027,"a748ee1a-1d0b-4ae9-9074-279a2b6ba524",-1,-1,257,17
467,1588158557027,"a748ee1a-1d0b-4ae9-9074-279a2b6ba524",-1,-1,38,17
468,1588160341149,"a748ee1a-1d0b-4ae9-9074-279a2b6ba524",-1,-1,249,8
469,1588160341149,"a748ee1a-1d0b-4ae9-9074-279a2b6ba524",-1,-1,257,8
470,1588201267503,"a748ee1a-1d0b-4ae9-9074-279a2b6ba524",-1,-1,337,10
471,1588201267503,"a748ee1a-1d0b-4ae9-9074-279a2b6ba524",-1,-1,249,10
472,1588201267503,"a748ee1a-1d0b-4ae9-9074-279a2b6ba524",-1,-1,257,10
473,1588201913112,"a748ee1a-1d0b-4ae9-9074-279a2b6ba524",-1,-1,162,14
474,1588201913112,"a748ee1a-1d0b-4ae9-9074-279a2b6ba524",-1,-1,59,14
475,1588201913112,"a748ee1a-1d0b-4ae9-9074-279a2b6ba524",-1,-1,249,14
476,1588201913112,"a748ee1a-1d0b-4ae9-9074-279a2b6ba524",-1,-1,257,14
477,1588201913112,"a748ee1a-1d0b-4ae9-9074-279a2b6ba524",-1,-1,38,14
478,1588203801558,"a748ee1a-1d0b-4ae9-9074-279a2b6ba524",-1,-1,249,16
479,1588203801558,"a748ee1a-1d0b-4ae9-9074-279a2b6ba524",-1,-1,257,16
480,1588203801558,"a748ee1a-1d0b-4ae9-9074-279a2b6ba524",-1,-1,38,16
481,1588205699026,"a748ee1a-1d0b-4ae9-9074-279a2b6ba524",-1,-1,353,13
482,1588205699026,"a748ee1a-1d0b-4ae9-9074-279a2b6ba524",-1,-1,150,13
483,1588205699026,"a748ee1a-1d0b-4ae9-9074-279a2b6ba524",-1,-1,180,13
484,1588205699026,"a748ee1a-1d0b-4ae9-9074-279a2b6ba524",-1,-1,378,13
485,1588205699026,"a748ee1a-1d0b-4ae9-9074-279a2b6ba524",-1,-1,346,13
486,1588205699026,"a748ee1a-1d0b-4ae9-9074-279a2b6ba524",-1,-1,111,13
487,1588205699026,"a748ee1a-1d0b-4ae9-9074-279a2b6ba524",-1,-1,249,13
488,1588205699026,"a748ee1a-1d0b-4ae9-9074-279a2b6ba524",-1,-1,257,13
489,1588205699026,"a748ee1a-1d0b-4ae9-9074-279a2b6ba524",-1,-1,38,13
490,1588207561589,"a748ee1a-1d0b-4ae9-9074-279a2b6ba524",-1,-1,257,9
491,1588207561589,"a748ee1a-1d0b-4ae9-9074-279a2b6ba524",-1,-1,249,9
492,1588234159448,"a748ee1a-1d0b-4ae9-9074-279a2b6ba524",-1,-1,357,17
493,1588234159448,"a748ee1a-1d0b-4ae9-9074-279a2b6ba524",-1,-1,257,17
494,1588234161714,"a748ee1a-1d0b-4ae9-9074-279a2b6ba524",-1,-1,357,17
495,1588234161714,"a748ee1a-1d0b-4ae9-9074-279a2b6ba524",-1,-1,257,17
496,1588237141703,"a748ee1a-1d0b-4ae9-9074-279a2b6ba524",-1,-1,312,8
497,1588237141703,"a748ee1a-1d0b-4ae9-9074-279a2b6ba524",-1,-1,128,8
498,1588237141703,"a748ee1a-1d0b-4ae9-9074-279a2b6ba524",-1,-1,183,8
499,1588237141703,"a748ee1a-1d0b-4ae9-9074-279a2b6ba524",-1,-1,226,8
500,1588237141703,"a748ee1a-1d0b-4ae9-9074-279a2b6ba524",-1,-1,410,8
501,1588237141703,"a748ee1a-1d0b-4ae9-9074-279a2b6ba524",-1,-1,32,8
502,1588237141703,"a748ee1a-1d0b-4ae9-9074-279a2b6ba524",-1,-1,257,8
503,1588237141703,"a748ee1a-1d0b-4ae9-9074-279a2b6ba524",-1,-1,249,8
504,1588237144823,"a748ee1a-1d0b-4ae9-9074-279a2b6ba524",-1,-1,312,8
505,1588237144823,"a748ee1a-1d0b-4ae9-9074-279a2b6ba524",-1,-1,128,8
506,1588237144823,"a748ee1a-1d0b-4ae9-9074-279a2b6ba524",-1,-1,183,8
507,1588237144823,"a748ee1a-1d0b-4ae9-9074-279a2b6ba524",-1,-1,226,8
508,1588237144823,"a748ee1a-1d0b-4ae9-9074-279a2b6ba524",-1,-1,410,8
509,1588237144823,"a748ee1a-1d0b-4ae9-9074-279a2b6ba524",-1,-1,32,8
510,1588237144823,"a748ee1a-1d0b-4ae9-9074-279a2b6ba524",-1,-1,257,8
511,1588237144823,"a748ee1a-1d0b-4ae9-9074-279a2b6ba524",-1,-1,249,8
512,1588324157769,"a748ee1a-1d0b-4ae9-9074-279a2b6ba524",-1,-1,288,10
513,1588324157769,"a748ee1a-1d0b-4ae9-9074-279a2b6ba524",-1,-1,257,10
514,1588324159788,"a748ee1a-1d0b-4ae9-9074-279a2b6ba524",-1,-1,288,10
515,1588324159788,"a748ee1a-1d0b-4ae9-9074-279a2b6ba524",-1,-1,257,10
516,1588324454483,"a748ee1a-1d0b-4ae9-9074-279a2b6ba524",-1,-1,329,17
517,1588324454483,"a748ee1a-1d0b-4ae9-9074-279a2b6ba524",-1,-1,312,17
518,1588324454483,"a748ee1a-1d0b-4ae9-9074-279a2b6ba524",-1,-1,492,17
519,1588324454483,"a748ee1a-1d0b-4ae9-9074-279a2b6ba524",-1,-1,53,17
520,1588324454483,"a748ee1a-1d0b-4ae9-9074-279a2b6ba524",-1,-1,79,17
521,1588324454483,"a748ee1a-1d0b-4ae9-9074-279a2b6ba524",-1,-1,34,17
522,1588324454483,"a748ee1a-1d0b-4ae9-9074-279a2b6ba524",-1,-1,373,17
523,1588324454483,"a748ee1a-1d0b-4ae9-9074-279a2b6ba524",-1,-1,125,17
524,1588324454483,"a748ee1a-1d0b-4ae9-9074-279a2b6ba524",-1,-1,257,17
525,1588324454483,"a748ee1a-1d0b-4ae9-9074-279a2b6ba524",-1,-1,249,17
526,1588326262119,"a748ee1a-1d0b-4ae9-9074-279a2b6ba524",-1,-1,161,8
527,1588326262119,"a748ee1a-1d0b-4ae9-9074-279a2b6ba524",-1,-1,436,8
528,1588326262119,"a748ee1a-1d0b-4ae9-9074-279a2b6ba524",-1,-1,466,8
529,1588326262119,"a748ee1a-1d0b-4ae9-9074-279a2b6ba524",-1,-1,139,8
530,1588326262119,"a748ee1a-1d0b-4ae9-9074-279a2b6ba524",-1,-1,314,8
531,1588326262119,"a748ee1a-1d0b-4ae9-9074-279a2b6ba524",-1,-1,427,8
532,1588326262119,"a748ee1a-1d0b-4ae9-9074-279a2b6ba524",-1,-1,205,8
533,1588326262119,"a748ee1a-1d0b-4ae9-9074-279a2b6ba524",-1,-1,494,8
534,1588326262119,"a748ee1a-1d0b-4ae9-9074-279a2b6ba524",-1,-1,257,8
535,1588326262119,"a748ee1a-1d0b-4ae9-9074-279a2b6ba524",-1,-1,249,8
536,1588326262119,"a748ee1a-1d0b-4ae9-9074-279a2b6ba524",-1,-1,38,8
537,1588326557514,"a748ee1a-1d0b-4ae9-9074-279a2b6ba524",-1,-1,161,17
538,1588326557514,"a748ee1a-1d0b-4ae9-9074-279a2b6ba524",-1,-1,188,17
539,1588326557514,"a748ee1a-1d0b-4ae9-9074-279a2b6ba524",-1,-1,504,17
540,1588326557514,"a748ee1a-1d0b-4ae9-9074-279a2b6ba524",-1,-1,75,17
541,1588326557514,"a748ee1a-1d0b-4ae9-9074-279a2b6ba524",-1,-1,314,17
542,1588326557514,"a748ee1a-1d0b-4ae9-9074-279a2b6ba524",-1,-1,452,17
543,1588326557514,"a748ee1a-1d0b-4ae9-9074-279a2b6ba524",-1,-1,0,17
544,1588326557514,"a748ee1a-1d0b-4ae9-9074-279a2b6ba524",-1,-1,302,17
545,1588326557514,"a748ee1a-1d0b-4ae9-9074-279a2b6ba524",-1,-1,257,17
546,1588326557514,"a748ee1a-1d0b-4ae9-9074-279a2b6ba524",-1,-1,249,17
547,1588326557514,"a748ee1a-1d0b-4ae9-9074-279a2b6ba524",-1,-1,38,17
548,1588326559827,"a748ee1a-1d0b-4ae9-9074-279a2b6ba524",-1,-1,161,17
549,1588326559827,"a748ee1a-1d0b-4ae9-9074-279a2b6ba524",-1,-1,188,17
550,1588326559827,"a748ee1a-1d0b-4ae9-9074-279a2b6ba524",-1,-1,504,17
551,1588326559827,"a748ee1a-1d0b-4ae9-9074-279a2b6ba524",-1,-1,75,17
552,1588326559827,"a748ee1a-1d0b-4ae9-9074-279a2b6ba524",-1,-1,314,17
553,1588326559827,"a748ee1a-1d0b-4ae9-9074-279a2b6ba524",-1,-1,452,17
554,1588326559827,"a748ee1a-1d0b-4ae9-9074-279a2b6ba524",-1,-1,0,17
555,1588326559827,"a748ee1a-1d0b-4ae9-9074-279a2b6ba524",-1,-1,302,17
556,1588326559827,"a748ee1a-1d0b-4ae9-9074-279a2b6ba524",-1,-1,257,17
557,1588326559827,"a748ee1a-1d0b-4ae9-9074-279a2b6ba524",-1,-1,249,17
558,1588326559827,"a748ee1a-1d0b-4ae9-9074-279a2b6ba524",-1,-1,38,17
559,1588337019832,"a748ee1a-1d0b-4ae9-9074-279a2b6ba524",-1,-1,257,17
560,1588337019832,"a748ee1a-1d0b-4ae9-9074-279a2b6ba524",-1,-1,249,17
561,1588395952431,"a748ee1a-1d0b-4ae9-9074-279a2b6ba524",-1,-1,249,21
562,1588395952431,"a748ee1a-1d0b-4ae9-9074-279a2b6ba524",-1,-1,257,21
563,1588397575173,"a748ee1a-1d0b-4ae9-9074-279a2b6ba524",-1,-1,249,21
564,1588397575173,"a748ee1a-1d0b-4ae9-9074-279a2b6ba524",-1,-1,257,21
565,1588451266228,"a748ee1a-1d0b-4ae9-9074-279a2b6ba524",-1,-1,-1,0
566,1588451266228,"a748ee1a-1d0b-4ae9-9074-279a2b6ba524",-1,-1,-1,0
567,1588451266228,"a748ee1a-1d0b-4ae9-9074-279a2b6ba524",-1,-1,-1,0
568,1588452338850,"a748ee1a-1d0b-4ae9-9074-279a2b6ba524",-1,-1,-1,0
569,1588452338850,"a748ee1a-1d0b-4ae9-9074-279a2b6ba524",-1,-1,-1,0
570,1588452338850,"a748ee1a-1d0b-4ae9-9074-279a2b6ba524",-1,-1,-1,0
571,1588454209731,"a748ee1a-1d0b-4ae9-9074-279a2b6ba524",-1,-1,-1,0
572,1588454209731,"a748ee1a-1d0b-4ae9-9074-279a2b6ba524",-1,-1,-1,0
573,1588454209731,"a748ee1a-1d0b-4ae9-9074-279a2b6ba524",-1,-1,-1,0
574,1588475276060,"a748ee1a-1d0b-4ae9-9074-279a2b6ba524",-1,-1,257,17
575,1588475276060,"a748ee1a-1d0b-4ae9-9074-279a2b6ba524",-1,-1,249,17
576,1588536157070,"a748ee1a-1d0b-4ae9-9074-279a2b6ba524",-1,-1,162,19
577,1588536160910,"a748ee1a-1d0b-4ae9-9074-279a2b6ba524",-1,-1,162,19
578,1588566616431,"a748ee1a-1d0b-4ae9-9074-279a2b6ba524",-1,-1,61,12
579,1588566616431,"a748ee1a-1d0b-4ae9-9074-279a2b6ba524",-1,-1,44,12
580,1588566616431,"a748ee1a-1d0b-4ae9-9074-279a2b6ba524",-1,-1,383,12
581,1588566616431,"a748ee1a-1d0b-4ae9-9074-279a2b6ba524",-1,-1,10,12
582,1588566616431,"a748ee1a-1d0b-4ae9-9074-279a2b6ba524",-1,-1,70,12
583,1588566616431,"a748ee1a-1d0b-4ae9-9074-279a2b6ba524",-1,-1,204,12
584,1588566616431,"a748ee1a-1d0b-4ae9-9074-279a2b6ba524",-1,-1,249,12
585,1588566616431,"a748ee1a-1d0b-4ae9-9074-279a2b6ba524",-1,-1,257,12
586,1588566616431,"a748ee1a-1d0b-4ae9-9074-279a2b6ba524",-1,-1,38,12
587,1588566879478,"a748ee1a-1d0b-4ae9-9074-279a2b6ba524",79104353,2607,336,16
588,1588568478950,"a748ee1a-1d0b-4ae9-9074-279a2b6ba524",79104353,2607,336,15
589,1588568607661,"a748ee1a-1d0b-4ae9-9074-279a2b6ba524",14493649,35097,257,12
590,1588569011612,"a748ee1a-1d0b-4ae9-9074-279a2b6ba524",79104353,2607,336,16
591,1588569741109,"a748ee1a-1d0b-4ae9-9074-279a2b6ba524",14493649,35097,257,14
